file,package,ext,bytes,in_tests
idaes/apps/grid_integration/pricetaker/tests/lmp_data.csv,idaes/apps/grid_integration/pricetaker/tests,csv,139377,True
idaes/apps/matopt/README.md,idaes/apps/matopt,md,10705,False
idaes/apps/uncertainty_propagation/examples/BT_NRTL_dataset.csv,idaes/apps/uncertainty_propagation/examples,csv,1848,False
idaes/apps/uncertainty_propagation/examples/README.md,idaes/apps/uncertainty_propagation/examples,md,131,False
idaes/apps/uncertainty_propagation/examples/uncertainty_propagation_NRTL.ipynb,idaes/apps/uncertainty_propagation/examples,ipynb,3161,False
idaes/apps/uncertainty_propagation/examples/uncertainty_propagation_rooney.ipynb,idaes/apps/uncertainty_propagation/examples,ipynb,2939,False
idaes/apps/uncertainty_propagation/tests/BT_NRTL_dataset.csv,idaes/apps/uncertainty_propagation/tests,csv,1848,True
idaes/commands/util/tests/checksum.txt,idaes/commands/util/tests,txt,1361,True
idaes/core/base/location_factors.json,idaes/core/base,json,36511,False
idaes/core/initialization/tests/init_example.json,idaes/core/initialization/tests,json,1372,True
idaes/core/scaling/tests/gibbs_solution.json,idaes/core/scaling/tests,json,43346,True
idaes/core/scaling/tests/load_scaling_factors.json,idaes/core/scaling/tests,json,807,True
idaes/core/surrogate/plotting/tests/alamo_surrogate.json,idaes/core/surrogate/plotting/tests,json,1957,True
idaes/core/surrogate/plotting/tests/keras_surrogate/idaes_info.json,idaes/core/surrogate/plotting/tests/keras_surrogate,json,1288,True
idaes/core/surrogate/plotting/tests/keras_surrogate/idaes_keras_model.keras,idaes/core/surrogate/plotting/tests/keras_surrogate,keras,30596,True
idaes/core/surrogate/plotting/tests/reformer-data.csv,idaes/core/surrogate/plotting/tests,csv,487966,True
idaes/core/surrogate/tests/alamo_test.alm,idaes/core/surrogate/tests,alm,740,True
idaes/core/surrogate/tests/alamotrace.trc,idaes/core/surrogate/tests,trc,1311,True
idaes/core/surrogate/tests/alamotrace2.trc,idaes/core/surrogate/tests,trc,3282,True
idaes/core/surrogate/tests/alamotrace_w_validation.trc,idaes/core/surrogate/tests,trc,2944,True
idaes/core/surrogate/tests/data/PT_data.csv,idaes/core/surrogate/tests/data,csv,1112268,True
idaes/core/surrogate/tests/data/T_data.csv,idaes/core/surrogate/tests/data,csv,9967,True
idaes/core/surrogate/tests/data/keras_models/PT_data_2_10_10_2_relu.json,idaes/core/surrogate/tests/data/keras_models,json,2859,True
idaes/core/surrogate/tests/data/keras_models/PT_data_2_10_10_2_relu.keras,idaes/core/surrogate/tests/data/keras_models,keras,22272,True
idaes/core/surrogate/tests/data/keras_models/PT_data_2_10_10_2_relu.weights.h5,idaes/core/surrogate/tests/data/keras_models,h5,19112,True
idaes/core/surrogate/tests/data/keras_models/PT_data_2_10_10_2_sigmoid.json,idaes/core/surrogate/tests/data/keras_models,json,2866,True
idaes/core/surrogate/tests/data/keras_models/PT_data_2_10_10_2_sigmoid.keras,idaes/core/surrogate/tests/data/keras_models,keras,22279,True
idaes/core/surrogate/tests/data/keras_models/PT_data_2_10_10_2_sigmoid.weights.h5,idaes/core/surrogate/tests/data/keras_models,h5,19112,True
idaes/core/surrogate/tests/data/keras_models/T_data_1_10_10_2_relu.json,idaes/core/surrogate/tests/data/keras_models,json,2856,True
idaes/core/surrogate/tests/data/keras_models/T_data_1_10_10_2_relu.keras,idaes/core/surrogate/tests/data/keras_models,keras,22149,True
idaes/core/surrogate/tests/data/keras_models/T_data_1_10_10_2_relu.weights.h5,idaes/core/surrogate/tests/data/keras_models,h5,19112,True
idaes/core/surrogate/tests/data/keras_models/T_data_1_10_10_2_sigmoid.json,idaes/core/surrogate/tests/data/keras_models,json,2861,True
idaes/core/surrogate/tests/data/keras_models/T_data_1_10_10_2_sigmoid.keras,idaes/core/surrogate/tests/data/keras_models,keras,22154,True
idaes/core/surrogate/tests/data/keras_models/T_data_1_10_10_2_sigmoid.weights.h5,idaes/core/surrogate/tests/data/keras_models,h5,19112,True
idaes/core/surrogate/tests/data/onnx_models/net_Calcite_ST.onnx,idaes/core/surrogate/tests/data/onnx_models,onnx,101704,True
idaes/core/surrogate/tests/data/onnx_models/net_Calcite_ST_idaes_info.json,idaes/core/surrogate/tests/data/onnx_models,json,1028,True
idaes/core/util/convergence/tests/ceval_fixedvar_immutableparam.3.42.baseline.json,idaes/core/util/convergence/tests,json,881,True
idaes/core/util/convergence/tests/ceval_fixedvar_mutableparam.3.42.baseline.json,idaes/core/util/convergence/tests,json,879,True
idaes/core/util/convergence/tests/ceval_fixedvar_mutableparam.3.43.baseline.json,idaes/core/util/convergence/tests,json,1581,True
idaes/core/util/convergence/tests/ceval_unfixedvar_mutableparam.3.42.baseline.json,idaes/core/util/convergence/tests,json,881,True
idaes/core/util/convergence/tests/ipopt_output.txt,idaes/core/util/convergence/tests,txt,6989,True
idaes/core/util/diagnostics_tools/tests/convergence_baseline.json,idaes/core/util/diagnostics_tools/tests,json,1146,True
idaes/core/util/diagnostics_tools/tests/ipopt_output.txt,idaes/core/util/diagnostics_tools/tests,txt,6989,True
idaes/core/util/tests/load_psweep.json,idaes/core/util/tests,json,787,True
idaes/core/util/tests/load_spec.json,idaes/core/util/tests,json,1450,True
idaes/models/properties/general_helmholtz/components/parameters/butane.json,idaes/models/properties/general_helmholtz/components/parameters,json,5578,False
idaes/models/properties/general_helmholtz/components/parameters/butane_expressions_eos.nl,idaes/models/properties/general_helmholtz/components/parameters,nl,12333,False
idaes/models/properties/general_helmholtz/components/parameters/butane_expressions_st.nl,idaes/models/properties/general_helmholtz/components/parameters,nl,702,False
idaes/models/properties/general_helmholtz/components/parameters/butane_parameters.json,idaes/models/properties/general_helmholtz/components/parameters,json,1004,False
idaes/models/properties/general_helmholtz/components/parameters/co2.json,idaes/models/properties/general_helmholtz/components/parameters,json,8423,False
idaes/models/properties/general_helmholtz/components/parameters/co2_expressions_eos.nl,idaes/models/properties/general_helmholtz/components/parameters,nl,20268,False
idaes/models/properties/general_helmholtz/components/parameters/co2_expressions_st.nl,idaes/models/properties/general_helmholtz/components/parameters,nl,702,False
idaes/models/properties/general_helmholtz/components/parameters/co2_expressions_tcx.nl,idaes/models/properties/general_helmholtz/components/parameters,nl,1283,False
idaes/models/properties/general_helmholtz/components/parameters/co2_expressions_visc.nl,idaes/models/properties/general_helmholtz/components/parameters,nl,1122,False
idaes/models/properties/general_helmholtz/components/parameters/co2_parameters.json,idaes/models/properties/general_helmholtz/components/parameters,json,1262,False
idaes/models/properties/general_helmholtz/components/parameters/h2o.json,idaes/models/properties/general_helmholtz/components/parameters,json,10184,False
idaes/models/properties/general_helmholtz/components/parameters/h2o_expressions_eos.nl,idaes/models/properties/general_helmholtz/components/parameters,nl,27486,False
idaes/models/properties/general_helmholtz/components/parameters/h2o_expressions_st.nl,idaes/models/properties/general_helmholtz/components/parameters,nl,859,False
idaes/models/properties/general_helmholtz/components/parameters/h2o_expressions_tcx.nl,idaes/models/properties/general_helmholtz/components/parameters,nl,3439,False
idaes/models/properties/general_helmholtz/components/parameters/h2o_expressions_visc.nl,idaes/models/properties/general_helmholtz/components/parameters,nl,1308,False
idaes/models/properties/general_helmholtz/components/parameters/h2o_parameters.json,idaes/models/properties/general_helmholtz/components/parameters,json,1245,False
idaes/models/properties/general_helmholtz/components/parameters/isobutane.json,idaes/models/properties/general_helmholtz/components/parameters,json,5652,False
idaes/models/properties/general_helmholtz/components/parameters/isobutane_expressions_eos.nl,idaes/models/properties/general_helmholtz/components/parameters,nl,12346,False
idaes/models/properties/general_helmholtz/components/parameters/isobutane_expressions_st.nl,idaes/models/properties/general_helmholtz/components/parameters,nl,859,False
idaes/models/properties/general_helmholtz/components/parameters/isobutane_parameters.json,idaes/models/properties/general_helmholtz/components/parameters,json,1006,False
idaes/models/properties/general_helmholtz/components/parameters/nh3.json,idaes/models/properties/general_helmholtz/components/parameters,json,6659,False
idaes/models/properties/general_helmholtz/components/parameters/nh3_expressions_eos.nl,idaes/models/properties/general_helmholtz/components/parameters,nl,17786,False
idaes/models/properties/general_helmholtz/components/parameters/nh3_expressions_st.nl,idaes/models/properties/general_helmholtz/components/parameters,nl,847,False
idaes/models/properties/general_helmholtz/components/parameters/nh3_parameters.json,idaes/models/properties/general_helmholtz/components/parameters,json,977,False
idaes/models/properties/general_helmholtz/components/parameters/propane.json,idaes/models/properties/general_helmholtz/components/parameters,json,6256,False
idaes/models/properties/general_helmholtz/components/parameters/propane_expressions_eos.nl,idaes/models/properties/general_helmholtz/components/parameters,nl,12986,False
idaes/models/properties/general_helmholtz/components/parameters/propane_expressions_st.nl,idaes/models/properties/general_helmholtz/components/parameters,nl,855,False
idaes/models/properties/general_helmholtz/components/parameters/propane_expressions_tcx.nl,idaes/models/properties/general_helmholtz/components/parameters,nl,3989,False
idaes/models/properties/general_helmholtz/components/parameters/propane_expressions_visc.nl,idaes/models/properties/general_helmholtz/components/parameters,nl,2642,False
idaes/models/properties/general_helmholtz/components/parameters/propane_parameters.json,idaes/models/properties/general_helmholtz/components/parameters,json,1263,False
idaes/models/properties/general_helmholtz/components/parameters/r1234ze.json,idaes/models/properties/general_helmholtz/components/parameters,json,5710,False
idaes/models/properties/general_helmholtz/components/parameters/r1234ze_expressions_eos.nl,idaes/models/properties/general_helmholtz/components/parameters,nl,10678,False
idaes/models/properties/general_helmholtz/components/parameters/r1234ze_expressions_st.nl,idaes/models/properties/general_helmholtz/components/parameters,nl,854,False
idaes/models/properties/general_helmholtz/components/parameters/r1234ze_expressions_tcx.nl,idaes/models/properties/general_helmholtz/components/parameters,nl,894,False
idaes/models/properties/general_helmholtz/components/parameters/r1234ze_expressions_visc.nl,idaes/models/properties/general_helmholtz/components/parameters,nl,1722,False
idaes/models/properties/general_helmholtz/components/parameters/r1234ze_parameters.json,idaes/models/properties/general_helmholtz/components/parameters,json,1261,False
idaes/models/properties/general_helmholtz/components/parameters/r125.json,idaes/models/properties/general_helmholtz/components/parameters,json,4585,False
idaes/models/properties/general_helmholtz/components/parameters/r125_expressions_eos.nl,idaes/models/properties/general_helmholtz/components/parameters,nl,9385,False
idaes/models/properties/general_helmholtz/components/parameters/r125_expressions_st.nl,idaes/models/properties/general_helmholtz/components/parameters,nl,700,False
idaes/models/properties/general_helmholtz/components/parameters/r125_parameters.json,idaes/models/properties/general_helmholtz/components/parameters,json,1022,False
idaes/models/properties/general_helmholtz/components/parameters/r134a.json,idaes/models/properties/general_helmholtz/components/parameters,json,5355,False
idaes/models/properties/general_helmholtz/components/parameters/r134a_expressions_eos.nl,idaes/models/properties/general_helmholtz/components/parameters,nl,7449,False
idaes/models/properties/general_helmholtz/components/parameters/r134a_expressions_st.nl,idaes/models/properties/general_helmholtz/components/parameters,nl,698,False
idaes/models/properties/general_helmholtz/components/parameters/r134a_expressions_tcx.nl,idaes/models/properties/general_helmholtz/components/parameters,nl,3814,False
idaes/models/properties/general_helmholtz/components/parameters/r134a_expressions_visc.nl,idaes/models/properties/general_helmholtz/components/parameters,nl,2026,False
idaes/models/properties/general_helmholtz/components/parameters/r134a_parameters.json,idaes/models/properties/general_helmholtz/components/parameters,json,1258,False
idaes/models/properties/general_helmholtz/components/parameters/r227ea.json,idaes/models/properties/general_helmholtz/components/parameters,json,5386,False
idaes/models/properties/general_helmholtz/components/parameters/r227ea_expressions_eos.nl,idaes/models/properties/general_helmholtz/components/parameters,nl,12463,False
idaes/models/properties/general_helmholtz/components/parameters/r227ea_expressions_st.nl,idaes/models/properties/general_helmholtz/components/parameters,nl,1000,False
idaes/models/properties/general_helmholtz/components/parameters/r227ea_parameters.json,idaes/models/properties/general_helmholtz/components/parameters,json,1030,False
idaes/models/properties/general_helmholtz/components/parameters/r32.json,idaes/models/properties/general_helmholtz/components/parameters,json,5063,False
idaes/models/properties/general_helmholtz/components/parameters/r32_expressions_eos.nl,idaes/models/properties/general_helmholtz/components/parameters,nl,8401,False
idaes/models/properties/general_helmholtz/components/parameters/r32_expressions_st.nl,idaes/models/properties/general_helmholtz/components/parameters,nl,700,False
idaes/models/properties/general_helmholtz/components/parameters/r32_parameters.json,idaes/models/properties/general_helmholtz/components/parameters,json,997,False
idaes/models/unit_models/icons/compressor_1.svg,idaes/models/unit_models/icons,svg,24306,False
idaes/models/unit_models/icons/compressor_2.svg,idaes/models/unit_models/icons,svg,24926,False
idaes/models/unit_models/icons/cooler.svg,idaes/models/unit_models/icons,svg,24907,False
idaes/models/unit_models/icons/expander_1.svg,idaes/models/unit_models/icons,svg,24309,False
idaes/models/unit_models/icons/expander_2.svg,idaes/models/unit_models/icons,svg,24921,False
idaes/models/unit_models/icons/fan.svg,idaes/models/unit_models/icons,svg,25108,False
idaes/models/unit_models/icons/flash.svg,idaes/models/unit_models/icons,svg,25404,False
idaes/models/unit_models/icons/heat_exchanger_1.svg,idaes/models/unit_models/icons,svg,23931,False
idaes/models/unit_models/icons/heat_exchanger_2.svg,idaes/models/unit_models/icons,svg,30126,False
idaes/models/unit_models/icons/heat_exchanger_3.svg,idaes/models/unit_models/icons,svg,30122,False
idaes/models/unit_models/icons/heat_exchanger_4.svg,idaes/models/unit_models/icons,svg,30122,False
idaes/models/unit_models/icons/heater_1.svg,idaes/models/unit_models/icons,svg,23945,False
idaes/models/unit_models/icons/heater_2.svg,idaes/models/unit_models/icons,svg,24941,False
idaes/models/unit_models/icons/mixer.svg,idaes/models/unit_models/icons,svg,25210,False
idaes/models/unit_models/icons/packed_column_1.svg,idaes/models/unit_models/icons,svg,32150,False
idaes/models/unit_models/icons/packed_column_2.svg,idaes/models/unit_models/icons,svg,31059,False
idaes/models/unit_models/icons/packed_column_3.svg,idaes/models/unit_models/icons,svg,30088,False
idaes/models/unit_models/icons/packed_column_4.svg,idaes/models/unit_models/icons,svg,28039,False
idaes/models/unit_models/icons/pump.svg,idaes/models/unit_models/icons,svg,26078,False
idaes/models/unit_models/icons/reactor_c.svg,idaes/models/unit_models/icons,svg,27465,False
idaes/models/unit_models/icons/reactor_e.svg,idaes/models/unit_models/icons,svg,26198,False
idaes/models/unit_models/icons/reactor_g.svg,idaes/models/unit_models/icons,svg,26360,False
idaes/models/unit_models/icons/reactor_pfr.svg,idaes/models/unit_models/icons,svg,25244,False
idaes/models/unit_models/icons/reactor_s.svg,idaes/models/unit_models/icons,svg,27451,False
idaes/models/unit_models/icons/splitter.svg,idaes/models/unit_models/icons,svg,25211,False
idaes/models/unit_models/icons/tray_column_1.svg,idaes/models/unit_models/icons,svg,34843,False
idaes/models/unit_models/icons/tray_column_2.svg,idaes/models/unit_models/icons,svg,33739,False
idaes/models/unit_models/icons/tray_column_3.svg,idaes/models/unit_models/icons,svg,32772,False
idaes/models/unit_models/icons/tray_column_4.svg,idaes/models/unit_models/icons,svg,30710,False
idaes/models/unit_models/icons/valve_1.svg,idaes/models/unit_models/icons,svg,24947,False
idaes/models/unit_models/icons/valve_2.svg,idaes/models/unit_models/icons,svg,5004,False
idaes/models/unit_models/icons/valve_3.svg,idaes/models/unit_models/icons,svg,5323,False
idaes/models_extra/co2_capture_and_utilization/unit_models/README.md,idaes/models_extra/co2_capture_and_utilization/unit_models,md,75,False
idaes/models_extra/power_generation/costing/BB_costing_data.json,idaes/models_extra/power_generation/costing,json,300882,False
idaes/models_extra/power_generation/costing/generic_ccs_costing_data.json,idaes/models_extra/power_generation/costing,json,14035,False
idaes/models_extra/power_generation/costing/sCO2_costing_parameters.json,idaes/models_extra/power_generation/costing,json,2551,False
idaes/models_extra/power_generation/flowsheets/subcritical_power_plant/plant_pfd.svg,idaes/models_extra/power_generation/flowsheets/subcritical_power_plant,svg,249821,False
idaes/models_extra/power_generation/flowsheets/subcritical_power_plant/plant_pfd_result.svg,idaes/models_extra/power_generation/flowsheets/subcritical_power_plant,svg,216222,False
idaes/models_extra/power_generation/flowsheets/supercritical_steam_cycle/supercritical_steam_cycle.svg,idaes/models_extra/power_generation/flowsheets/supercritical_steam_cycle,svg,372990,False
idaes/models_extra/power_generation/properties/tests/pure-prop-nist-webbook.csv,idaes/models_extra/power_generation/properties/tests,csv,1307,True
idaes/models_extra/power_generation/unit_models/README.md,idaes/models_extra/power_generation/unit_models,md,58,False
idaes/models_extra/power_generation/unit_models/icons/attemperator_1.svg,idaes/models_extra/power_generation/unit_models/icons,svg,26098,False
idaes/models_extra/power_generation/unit_models/icons/bag_house.svg,idaes/models_extra/power_generation/unit_models/icons,svg,25351,False
idaes/models_extra/power_generation/unit_models/icons/mill_1.svg,idaes/models_extra/power_generation/unit_models/icons,svg,26287,False
idaes/models_extra/power_generation/unit_models/icons/mill_2.svg,idaes/models_extra/power_generation/unit_models/icons,svg,26656,False
idaes/models_extra/power_generation/unit_models/soc_submodels/tests/data_cache/case_1.csv,idaes/models_extra/power_generation/unit_models/soc_submodels/tests/data_cache,csv,3112,True
idaes/models_extra/power_generation/unit_models/soc_submodels/tests/data_cache/case_1_heat_loss.csv,idaes/models_extra/power_generation/unit_models/soc_submodels/tests/data_cache,csv,3110,True
idaes/models_extra/power_generation/unit_models/soc_submodels/tests/data_cache/case_1_interconnect.csv,idaes/models_extra/power_generation/unit_models/soc_submodels/tests/data_cache,csv,3114,True
idaes/models_extra/power_generation/unit_models/soc_submodels/tests/data_cache/case_1_thin.csv,idaes/models_extra/power_generation/unit_models/soc_submodels/tests/data_cache,csv,3112,True
idaes/models_extra/power_generation/unit_models/soc_submodels/tests/data_cache/case_2.csv,idaes/models_extra/power_generation/unit_models/soc_submodels/tests/data_cache,csv,3106,True
idaes/models_extra/power_generation/unit_models/soc_submodels/tests/data_cache/case_2_heat_loss.csv,idaes/models_extra/power_generation/unit_models/soc_submodels/tests/data_cache,csv,3099,True
idaes/models_extra/power_generation/unit_models/soc_submodels/tests/data_cache/case_2_interconnect.csv,idaes/models_extra/power_generation/unit_models/soc_submodels/tests/data_cache,csv,3114,True
idaes/models_extra/power_generation/unit_models/soc_submodels/tests/data_cache/case_2_thin.csv,idaes/models_extra/power_generation/unit_models/soc_submodels/tests/data_cache,csv,3109,True
idaes/models_extra/power_generation/unit_models/soc_submodels/tests/data_cache/case_3.csv,idaes/models_extra/power_generation/unit_models/soc_submodels/tests/data_cache,csv,3105,True
idaes/models_extra/power_generation/unit_models/soc_submodels/tests/data_cache/case_3_heat_loss.csv,idaes/models_extra/power_generation/unit_models/soc_submodels/tests/data_cache,csv,3088,True
idaes/models_extra/power_generation/unit_models/soc_submodels/tests/data_cache/case_3_interconnect.csv,idaes/models_extra/power_generation/unit_models/soc_submodels/tests/data_cache,csv,3095,True
idaes/models_extra/power_generation/unit_models/soc_submodels/tests/data_cache/case_3_thin.csv,idaes/models_extra/power_generation/unit_models/soc_submodels/tests/data_cache,csv,3084,True
idaes/models_extra/power_generation/unit_models/soc_submodels/tests/data_cache/case_4.csv,idaes/models_extra/power_generation/unit_models/soc_submodels/tests/data_cache,csv,3097,True
idaes/models_extra/power_generation/unit_models/soc_submodels/tests/data_cache/case_4_heat_loss.csv,idaes/models_extra/power_generation/unit_models/soc_submodels/tests/data_cache,csv,3097,True
idaes/models_extra/power_generation/unit_models/soc_submodels/tests/data_cache/case_4_interconnect.csv,idaes/models_extra/power_generation/unit_models/soc_submodels/tests/data_cache,csv,3094,True
idaes/models_extra/power_generation/unit_models/soc_submodels/tests/data_cache/case_4_thin.csv,idaes/models_extra/power_generation/unit_models/soc_submodels/tests/data_cache,csv,3093,True
idaes/models_extra/power_generation/unit_models/soc_submodels/tests/data_cache/case_5.csv,idaes/models_extra/power_generation/unit_models/soc_submodels/tests/data_cache,csv,3101,True
idaes/models_extra/power_generation/unit_models/soc_submodels/tests/data_cache/case_5_heat_loss.csv,idaes/models_extra/power_generation/unit_models/soc_submodels/tests/data_cache,csv,3091,True
idaes/models_extra/power_generation/unit_models/soc_submodels/tests/data_cache/case_5_interconnect.csv,idaes/models_extra/power_generation/unit_models/soc_submodels/tests/data_cache,csv,3093,True
idaes/models_extra/power_generation/unit_models/soc_submodels/tests/data_cache/case_5_thin.csv,idaes/models_extra/power_generation/unit_models/soc_submodels/tests/data_cache,csv,3109,True
idaes/models_extra/power_generation/unit_models/soc_submodels/tests/data_cache/herring-et-al-data.csv,idaes/models_extra/power_generation/unit_models/soc_submodels/tests/data_cache,csv,155,True
idaes/models_extra/power_generation/unit_models/soc_submodels/tests/data_cache/sweep_5_kazempoor_replication.csv,idaes/models_extra/power_generation/unit_models/soc_submodels/tests/data_cache,csv,1483,True
idaes/models_extra/temperature_swing_adsorption/costing/costing_params_dac_electric_boiler.json,idaes/models_extra/temperature_swing_adsorption/costing,json,27703,False
idaes/models_extra/temperature_swing_adsorption/costing/costing_params_dac_retrofit_ngcc.json,idaes/models_extra/temperature_swing_adsorption/costing,json,17224,False
idaes/tests/prescient/5bus/DAY_AHEAD_load.csv,idaes/tests/prescient/5bus,csv,231999,True
idaes/tests/prescient/5bus/DAY_AHEAD_renewables.csv,idaes/tests/prescient/5bus,csv,269139,True
idaes/tests/prescient/5bus/REAL_TIME_load.csv,idaes/tests/prescient/5bus,csv,2888100,True
idaes/tests/prescient/5bus/REAL_TIME_renewables.csv,idaes/tests/prescient/5bus,csv,3641364,True
idaes/tests/prescient/5bus/branch.csv,idaes/tests/prescient/5bus,csv,502,True
idaes/tests/prescient/5bus/bus.csv,idaes/tests/prescient/5bus,csv,304,True
idaes/tests/prescient/5bus/gen.csv,idaes/tests/prescient/5bus,csv,1202,True
idaes/tests/prescient/5bus/initial_status.csv,idaes/tests/prescient/5bus,csv,52,True
idaes/tests/prescient/5bus/reserves.csv,idaes/tests/prescient/5bus,csv,34,True
idaes/tests/prescient/5bus/simulation_objects.csv,idaes/tests/prescient/5bus,csv,538,True
idaes/tests/prescient/5bus/timeseries_pointers.csv,idaes/tests/prescient/5bus,csv,962,True
