file,line,name,qualname,bases,decorators,generated_block,n_methods,default_initializer,default_scaler
idaes/__init__.py,169,temporary_config_ctx,temporary_config_ctx,object,,,2,,
idaes/__init__.py,181,ScalingFactorLogFilter,ScalingFactorLogFilter,logging.Filter,,,1,,
idaes/apps/caprese/common/config.py,23,ControlInitOption,ControlInitOption,enum.Enum,,,0,,
idaes/apps/caprese/common/config.py,30,ElementInitializationInputOption,ElementInitializationInputOption,enum.Enum,,,0,,
idaes/apps/caprese/common/config.py,36,InputOption,InputOption,enum.Enum,,,0,,
idaes/apps/caprese/common/config.py,43,TimeResolutionOption,TimeResolutionOption,enum.Enum,,,0,,
idaes/apps/caprese/common/config.py,50,ControlPenaltyType,ControlPenaltyType,enum.Enum,,,0,,
idaes/apps/caprese/common/config.py,56,VariableCategory,VariableCategory,enum.Enum,,,0,,
idaes/apps/caprese/common/config.py,68,ConstraintCategory,ConstraintCategory,enum.Enum,,,0,,
idaes/apps/caprese/common/config.py,81,NoiseBoundOption,NoiseBoundOption,enum.Enum,,,0,,
idaes/apps/caprese/common/config.py,87,PlantHorizonType,PlantHorizonType,enum.Enum,,,0,,
idaes/apps/caprese/controller.py,55,_ControllerBlockData,_ControllerBlockData,_DynamicBlockData,,,4,,
idaes/apps/caprese/controller.py,308,ControllerBlock,ControllerBlock,DynamicBlock,,,1,,
idaes/apps/caprese/controller.py,327,SimpleControllerBlock,SimpleControllerBlock,_ControllerBlockData;ControllerBlock,,,1,,
idaes/apps/caprese/controller.py,336,IndexedControllerBlock,IndexedControllerBlock,ControllerBlock,,,1,,
idaes/apps/caprese/dynamic_block.py,60,_DynamicBlockData,_DynamicBlockData,BlockData,,,27,,
idaes/apps/caprese/dynamic_block.py,764,DynamicBlock,DynamicBlock,Block,,,3,,
idaes/apps/caprese/dynamic_block.py,820,SimpleDynamicBlock,SimpleDynamicBlock,_DynamicBlockData;DynamicBlock,,,1,,
idaes/apps/caprese/dynamic_block.py,829,IndexedDynamicBlock,IndexedDynamicBlock,DynamicBlock,,,1,,
idaes/apps/caprese/dynamic_block.py,834,SquareSolveContext,SquareSolveContext,object,,,3,,
idaes/apps/caprese/examples/cstr_nmpc.py,46,PlotData,PlotData,object,,,2,,
idaes/apps/caprese/examples/cstr_reduced.py,65,PlotData,PlotData,object,,,2,,
idaes/apps/caprese/nmpc.py,35,NMPCSim,NMPCSim,object,,,1,,
idaes/apps/caprese/nmpc_var.py,22,NmpcVar,NmpcVar,IndexedVar,,,1,,
idaes/apps/caprese/nmpc_var.py,60,DiffVar,DiffVar,NmpcVar,,,0,,
idaes/apps/caprese/nmpc_var.py,64,DerivVar,DerivVar,NmpcVar,,,0,,
idaes/apps/caprese/nmpc_var.py,68,AlgVar,AlgVar,NmpcVar,,,0,,
idaes/apps/caprese/nmpc_var.py,72,InputVar,InputVar,NmpcVar,,,0,,
idaes/apps/caprese/nmpc_var.py,76,FixedVar,FixedVar,NmpcVar,,,0,,
idaes/apps/caprese/nmpc_var.py,80,MeasuredVar,MeasuredVar,NmpcVar,,,0,,
idaes/apps/caprese/nmpc_var.py,84,_NmpcVector,_NmpcVector,IndexedVar,,,5,,
idaes/apps/caprese/rolling.py,21,TimeList,TimeList,list,,,9,,
idaes/apps/caprese/rolling.py,183,VectorSeries,VectorSeries,OrderedDict,,,8,,
idaes/apps/caprese/util.py,48,CachedVarsContext,CachedVarsContext,object,,,3,,
idaes/apps/caprese/util.py,294,MaxDiscardError,MaxDiscardError,Exception,,,0,,
idaes/apps/grid_integration/bidder.py,30,AbstractBidder,AbstractBidder,ABC,,,13,,
idaes/apps/grid_integration/bidder.py,219,StochasticProgramBidder,StochasticProgramBidder,AbstractBidder,,,21,,
idaes/apps/grid_integration/bidder.py,780,SelfScheduler,SelfScheduler,StochasticProgramBidder,,,5,,
idaes/apps/grid_integration/bidder.py,1000,Bidder,Bidder,StochasticProgramBidder,,,5,,
idaes/apps/grid_integration/bidder.py,1298,ParametrizedBidder,ParametrizedBidder,AbstractBidder,,,12,,
idaes/apps/grid_integration/bidder.py,1502,PEMParametrizedBidder,PEMParametrizedBidder,ParametrizedBidder,,,4,,
idaes/apps/grid_integration/coordinator.py,24,PrescientPluginModule,PrescientPluginModule,ModuleType,,,1,,
idaes/apps/grid_integration/coordinator.py,30,DoubleLoopCoordinator,DoubleLoopCoordinator,,,,25,,
idaes/apps/grid_integration/examples/thermal_generator.py,26,ThermalGenerator,ThermalGenerator,,,,14,,
idaes/apps/grid_integration/forecaster.py,22,ForecastError,ForecastError,Exception,,,0,,
idaes/apps/grid_integration/forecaster.py,26,AbstractPriceForecaster,AbstractPriceForecaster,ABC,,,3,,
idaes/apps/grid_integration/forecaster.py,99,AbstractPrescientPriceForecaster,AbstractPrescientPriceForecaster,AbstractPriceForecaster,,,2,,
idaes/apps/grid_integration/forecaster.py,135,PlaceHolderForecaster,PlaceHolderForecaster,AbstractPrescientPriceForecaster,,,7,,
idaes/apps/grid_integration/forecaster.py,321,Backcaster,Backcaster,AbstractPrescientPriceForecaster,,,14,,
idaes/apps/grid_integration/forecaster.py,686,PerfectForecaster,PerfectForecaster,AbstractPrescientPriceForecaster,,,10,,
idaes/apps/grid_integration/model_data.py,19,BaseValidator,BaseValidator,ABC,,,4,,
idaes/apps/grid_integration/model_data.py,49,StrValidator,StrValidator,BaseValidator,,,1,,
idaes/apps/grid_integration/model_data.py,58,RealValueValidator,RealValueValidator,BaseValidator,,,2,,
idaes/apps/grid_integration/model_data.py,97,AtLeastPminValidator,AtLeastPminValidator,BaseValidator,,,1,,
idaes/apps/grid_integration/model_data.py,129,GeneratorModelData,GeneratorModelData,,,,3,,
idaes/apps/grid_integration/model_data.py,185,ThermalGeneratorModelData,ThermalGeneratorModelData,GeneratorModelData,,,9,,
idaes/apps/grid_integration/model_data.py,391,RenewableGeneratorModelData,RenewableGeneratorModelData,GeneratorModelData,,,2,,
idaes/apps/grid_integration/multiperiod/multiperiod.py,24,MultiPeriodModel,MultiPeriodModel,pyo.ConcreteModel,,,12,,
idaes/apps/grid_integration/pricetaker/design_and_operation_models.py,136,DesignModelData,DesignModelData,ProcessBlockData,declare_process_block_class('DesignModel'),DesignModel,2,,
idaes/apps/grid_integration/pricetaker/design_and_operation_models.py,288,OperationModelData,OperationModelData,ProcessBlockData,declare_process_block_class('OperationModel'),OperationModel,3,,
idaes/apps/grid_integration/pricetaker/design_and_operation_models.py,562,StorageModelData,StorageModelData,ProcessBlockData,declare_process_block_class('StorageModel'),StorageModel,1,,
idaes/apps/grid_integration/pricetaker/price_taker_model.py,170,PriceTakerModel,PriceTakerModel,ConcreteModel,,,33,,
idaes/apps/grid_integration/pricetaker/unit_commitment.py,26,UnitCommitmentData,UnitCommitmentData,,,,6,,
idaes/apps/grid_integration/tracker.py,19,Tracker,Tracker,,,,18,,
idaes/apps/matopt/materials/atom.py,18,Atom,Atom,BBlock;ABC,,,9,,
idaes/apps/matopt/materials/bblock.py,16,BBlock,BBlock,object,,,2,,
idaes/apps/matopt/materials/canvas.py,23,Canvas,Canvas,object,,,35,,
idaes/apps/matopt/materials/design.py,24,Design,Design,object,,,22,,
idaes/apps/matopt/materials/geometry.py,33,Shape,Shape,object,,,11,,
idaes/apps/matopt/materials/geometry.py,183,Polyhedron,Polyhedron,Shape;ABC,,,12,,
idaes/apps/matopt/materials/geometry.py,334,Cuboctahedron,Cuboctahedron,Polyhedron;ABC,,,2,,
idaes/apps/matopt/materials/geometry.py,396,Parallelepiped,Parallelepiped,Polyhedron;ABC,,,11,,
idaes/apps/matopt/materials/geometry.py,553,Rhombohedron,Rhombohedron,Parallelepiped;ABC,,,4,,
idaes/apps/matopt/materials/geometry.py,604,RectPrism,RectPrism,Parallelepiped;ABC,,,6,,
idaes/apps/matopt/materials/geometry.py,675,Cube,Cube,RectPrism;ABC,,,3,,
idaes/apps/matopt/materials/geometry.py,709,Cylinder,Cylinder,Shape;ABC,,,8,,
idaes/apps/matopt/materials/geometry.py,805,CylindricalSector,CylindricalSector,Shape;ABC,,,11,,
idaes/apps/matopt/materials/lattices/cubic_lattice.py,23,CubicLattice,CubicLattice,UnitCellLattice,,,6,,
idaes/apps/matopt/materials/lattices/diamond_lattice.py,25,DiamondLattice,DiamondLattice,UnitCellLattice,,,21,,
idaes/apps/matopt/materials/lattices/fcc_lattice.py,25,FCCLattice,FCCLattice,UnitCellLattice,,,11,,
idaes/apps/matopt/materials/lattices/lattice.py,26,Lattice,Lattice,object,,,13,,
idaes/apps/matopt/materials/lattices/perovskite_lattice.py,23,PerovskiteLattice,PerovskiteLattice,UnitCellLattice,,,11,,
idaes/apps/matopt/materials/lattices/unit_cell_lattice.py,22,UnitCell,UnitCell,object,,,9,,
idaes/apps/matopt/materials/lattices/unit_cell_lattice.py,77,UnitCellLattice,UnitCellLattice,Lattice,,,8,,
idaes/apps/matopt/materials/lattices/wurtzite_lattice.py,26,WurtziteLattice,WurtziteLattice,UnitCellLattice,,,14,,
idaes/apps/matopt/materials/tiling.py,20,Tiling,Tiling,object,,,3,,
idaes/apps/matopt/materials/tiling.py,64,LinearTiling,LinearTiling,Tiling;ABC,,,7,,
idaes/apps/matopt/materials/tiling.py,112,PlanarTiling,PlanarTiling,Tiling,,,10,,
idaes/apps/matopt/materials/tiling.py,296,CubicTiling,CubicTiling,Tiling,,,11,,
idaes/apps/matopt/materials/transform_func.py,21,TransformFunc,TransformFunc,object,,,5,,
idaes/apps/matopt/materials/transform_func.py,84,ShiftFunc,ShiftFunc,TransformFunc,,,4,,
idaes/apps/matopt/materials/transform_func.py,121,ScaleFunc,ScaleFunc,TransformFunc,,,6,,
idaes/apps/matopt/materials/transform_func.py,180,RotateFunc,RotateFunc,TransformFunc,,,10,,
idaes/apps/matopt/materials/transform_func.py,319,ReflectFunc,ReflectFunc,TransformFunc,,,9,,
idaes/apps/matopt/materials/transform_func.py,404,CompoundTransformFunc,CompoundTransformFunc,TransformFunc,,,5,,
idaes/apps/matopt/opt/mat_modeling.py,23,IndexedElem,IndexedElem,object,,,13,,
idaes/apps/matopt/opt/mat_modeling.py,296,Coef,Coef,IndexedElem,,,2,,
idaes/apps/matopt/opt/mat_modeling.py,334,Expr,Expr,IndexedElem,,,2,,
idaes/apps/matopt/opt/mat_modeling.py,375,LinearExpr,LinearExpr,Expr,,,2,,
idaes/apps/matopt/opt/mat_modeling.py,434,SiteCombination,SiteCombination,Expr,,,2,,
idaes/apps/matopt/opt/mat_modeling.py,561,SumNeighborSites,SumNeighborSites,Expr,,,2,,
idaes/apps/matopt/opt/mat_modeling.py,621,SumNeighborBonds,SumNeighborBonds,Expr,,,2,,
idaes/apps/matopt/opt/mat_modeling.py,687,SumSites,SumSites,Expr,,,2,,
idaes/apps/matopt/opt/mat_modeling.py,750,SumBonds,SumBonds,Expr,,,2,,
idaes/apps/matopt/opt/mat_modeling.py,814,SumSiteTypes,SumSiteTypes,Expr,,,2,,
idaes/apps/matopt/opt/mat_modeling.py,882,SumBondTypes,SumBondTypes,Expr,,,2,,
idaes/apps/matopt/opt/mat_modeling.py,952,SumSitesAndTypes,SumSitesAndTypes,Expr,,,2,,
idaes/apps/matopt/opt/mat_modeling.py,1031,SumBondsAndTypes,SumBondsAndTypes,Expr,,,2,,
idaes/apps/matopt/opt/mat_modeling.py,1110,SumConfs,SumConfs,Expr,,,2,,
idaes/apps/matopt/opt/mat_modeling.py,1176,SumSitesAndConfs,SumSitesAndConfs,Expr,,,2,,
idaes/apps/matopt/opt/mat_modeling.py,1248,DescriptorRule,DescriptorRule,IndexedElem,,,2,,
idaes/apps/matopt/opt/mat_modeling.py,1296,SimpleDescriptorRule,SimpleDescriptorRule,DescriptorRule,,,3,,
idaes/apps/matopt/opt/mat_modeling.py,1356,LessThan,LessThan,SimpleDescriptorRule,,,1,,
idaes/apps/matopt/opt/mat_modeling.py,1390,EqualTo,EqualTo,SimpleDescriptorRule,,,1,,
idaes/apps/matopt/opt/mat_modeling.py,1424,GreaterThan,GreaterThan,SimpleDescriptorRule,,,1,,
idaes/apps/matopt/opt/mat_modeling.py,1458,FixedTo,FixedTo,DescriptorRule,,,2,,
idaes/apps/matopt/opt/mat_modeling.py,1502,Disallow,Disallow,DescriptorRule,,,3,,
idaes/apps/matopt/opt/mat_modeling.py,1573,PiecewiseLinear,PiecewiseLinear,DescriptorRule,,,2,,
idaes/apps/matopt/opt/mat_modeling.py,1648,Implies,Implies,DescriptorRule,,,2,,
idaes/apps/matopt/opt/mat_modeling.py,1721,NegImplies,NegImplies,DescriptorRule,,,2,,
idaes/apps/matopt/opt/mat_modeling.py,1793,ImpliesSiteCombination,ImpliesSiteCombination,DescriptorRule,,,2,,
idaes/apps/matopt/opt/mat_modeling.py,1959,ImpliesNeighbors,ImpliesNeighbors,DescriptorRule,,,2,,
idaes/apps/matopt/opt/mat_modeling.py,2074,MaterialDescriptor,MaterialDescriptor,IndexedElem,,,16,,
idaes/apps/matopt/opt/mat_modeling.py,2273,MatOptModel,MatOptModel,object,,,20,,
idaes/apps/uncertainty_propagation/sens.py,83,_NotAnIndex,_NotAnIndex,object,,,0,,
idaes/apps/uncertainty_propagation/sens.py,485,SensitivityInterface,SensitivityInterface,object,,,10,,
idaes/commands/util/download_bin.py,36,UnsupportedPlatformError,UnsupportedPlatformError,RuntimeError,,,0,,
idaes/config.py,130,ConfigBlockJSONEncoder,ConfigBlockJSONEncoder,json.JSONEncoder,,,1,,
idaes/config.py,654,_WarningToExceptionFilter,_WarningToExceptionFilter,logging.Filter,,,1,,
idaes/config.py,663,_DeprecationToExceptionFilter,_DeprecationToExceptionFilter,logging.Filter,,,1,,
idaes/core/base/components.py,36,ComponentData,ComponentData,ProcessBlockData,declare_process_block_class('Component'),Component,7,,
idaes/core/base/components.py,347,SoluteData,SoluteData,ComponentData,"declare_process_block_class('Solute', block_class=Component)",Solute,5,,
idaes/core/base/components.py,391,SolventData,SolventData,ComponentData,"declare_process_block_class('Solvent', block_class=Component)",Solvent,5,,
idaes/core/base/components.py,433,IonData,IonData,SoluteData,"declare_process_block_class('Ion', block_class=Component)",Ion,4,,
idaes/core/base/components.py,481,AnionData,AnionData,IonData,"declare_process_block_class('Anion', block_class=Component)",Anion,2,,
idaes/core/base/components.py,515,CationData,CationData,IonData,"declare_process_block_class('Cation', block_class=Component)",Cation,2,,
idaes/core/base/components.py,549,ApparentData,ApparentData,SoluteData,"declare_process_block_class('Apparent', block_class=Component)",Apparent,3,,
idaes/core/base/control_volume0d.py,58,ControlVolume0DScaler,ControlVolume0DScaler,ControlVolumeScalerBase,,,3,,
idaes/core/base/control_volume0d.py,164,ControlVolume0DBlockData,ControlVolume0DBlockData,ControlVolumeBlockData,"declare_process_block_class('ControlVolume0DBlock', doc='\n ControlVolume0DBlock is a specialized Pyomo block for IDAES non-discretized\n control volume bloc...",ControlVolume0DBlock,26,,ControlVolume0DScaler
idaes/core/base/control_volume1d.py,76,DistributedVars,DistributedVars,Enum,,,0,,
idaes/core/base/control_volume1d.py,85,ControlVolume1DScaler,ControlVolume1DScaler,ControlVolumeScalerBase,,,3,,
idaes/core/base/control_volume1d.py,356,ControlVolume1DBlockData,ControlVolume1DBlockData,ControlVolumeBlockData,"declare_process_block_class('ControlVolume1DBlock', doc='\n ControlVolume1DBlock is a specialized Pyomo block for IDAES control volume\n blocks discretized i...",ControlVolume1DBlock,29,,ControlVolume1DScaler
idaes/core/base/control_volume_base.py,55,MaterialBalanceType,MaterialBalanceType,Enum,,,0,,
idaes/core/base/control_volume_base.py,69,EnergyBalanceType,EnergyBalanceType,Enum,,,0,,
idaes/core/base/control_volume_base.py,84,MomentumBalanceType,MomentumBalanceType,Enum,,,0,,
idaes/core/base/control_volume_base.py,97,FlowDirection,FlowDirection,Enum,,,0,,
idaes/core/base/control_volume_base.py,107,ControlVolumeScalerBase,ControlVolumeScalerBase,CustomScalerBase,,,3,,
idaes/core/base/control_volume_base.py,973,ControlVolumeBlockData,ControlVolumeBlockData,ProcessBlockData,"declare_process_block_class('ControlVolume', doc='This class is not usually used directly. Use ControlVolume0DBlock or ControlVolume1DBlock instead.')",ControlVolume,25,,
idaes/core/base/costing_base.py,163,DefaultCostingComponents,DefaultCostingComponents,StrEnum,,,0,,
idaes/core/base/costing_base.py,196,FlowsheetCostingBlockData,FlowsheetCostingBlockData,ProcessBlockData,declare_process_block_class('FlowsheetCostingBlock'),FlowsheetCostingBlock,15,,
idaes/core/base/costing_base.py,594,UnitModelCostingBlockData,UnitModelCostingBlockData,ProcessBlockData,declare_process_block_class('UnitModelCostingBlock'),UnitModelCostingBlock,3,,
idaes/core/base/extended_control_volume0d.py,38,ExtendedControlVolume0DBlockData,ExtendedControlVolume0DBlockData,ControlVolume0DBlockData,"declare_process_block_class('ExtendedControlVolume0DBlock', doc='\n ExtendedControlVolume0DBlock is an extension of the ControlVolume0D\n block with support ...",ExtendedControlVolume0DBlock,1,,
idaes/core/base/extended_control_volume1d.py,39,ExtendedControlVolume1DBlockData,ExtendedControlVolume1DBlockData,ControlVolume1DBlockData,"declare_process_block_class('ExtendedControlVolume1DBlock', doc='\n ExtendedControlVolume1DBlock is an extension of the ControlVolume1D\n block with support ...",ExtendedControlVolume1DBlock,1,,
idaes/core/base/flowsheet_model.py,55,UI,UI,,,,3,,
idaes/core/base/flowsheet_model.py,99,FlowsheetBlockData,FlowsheetBlockData,ProcessBlockData,"declare_process_block_class('FlowsheetBlock', doc='\n FlowsheetBlock is a specialized Pyomo block for IDAES flowsheet models, and\n contains instances of Flo...",FlowsheetBlock,9,,
idaes/core/base/phases.py,33,PhaseType,PhaseType,Enum,,,0,,
idaes/core/base/phases.py,47,PhaseData,PhaseData,ProcessBlockData,declare_process_block_class('Phase'),Phase,6,,
idaes/core/base/phases.py,171,LiquidPhaseData,LiquidPhaseData,PhaseData,"declare_process_block_class('LiquidPhase', block_class=Phase)",LiquidPhase,3,,
idaes/core/base/phases.py,187,SolidPhaseData,SolidPhaseData,PhaseData,"declare_process_block_class('SolidPhase', block_class=Phase)",SolidPhase,3,,
idaes/core/base/phases.py,203,VaporPhaseData,VaporPhaseData,PhaseData,"declare_process_block_class('VaporPhase', block_class=Phase)",VaporPhase,3,,
idaes/core/base/phases.py,219,AqueousPhaseData,AqueousPhaseData,LiquidPhaseData,"declare_process_block_class('AqueousPhase', block_class=LiquidPhase)",AqueousPhase,1,,
idaes/core/base/process_base.py,67,MaterialFlowBasis,MaterialFlowBasis,Enum,,,0,,
idaes/core/base/process_base.py,78,ProcessBlockData,ProcessBlockData,BlockData,declare_process_block_class('ProcessBaseBlock'),ProcessBaseBlock,21,BlockTriangularizationInitializer,None
idaes/core/base/process_block.py,106,_IndexedProcessBlockMeta,_IndexedProcessBlockMeta,type,,,1,,
idaes/core/base/process_block.py,123,_ScalarProcessBlockMeta,_ScalarProcessBlockMeta,type,,,1,,
idaes/core/base/process_block.py,141,ProcessBlock,ProcessBlock,Block,,,1,,
idaes/core/base/property_base.py,64,_lock_attribute_creation_context,_lock_attribute_creation_context,object,,,3,,
idaes/core/base/property_base.py,77,PhysicalParameterBlock,PhysicalParameterBlock,ProcessBlockData;property_meta.HasPropertyClassMetadata,,,11,,
idaes/core/base/property_base.py,267,StateBlock,StateBlock,ProcessBlock,,,17,BlockTriangularizationInitializer,
idaes/core/base/property_base.py,535,StateBlockData,StateBlockData,ProcessBlockData,,,28,,
idaes/core/base/property_meta.py,66,HasPropertyClassMetadata,HasPropertyClassMetadata,object,,,2,,
idaes/core/base/property_meta.py,114,UnitSet,UnitSet,object,,,47,,
idaes/core/base/property_meta.py,426,PropertyClassMetadata,PropertyClassMetadata,object,,,10,,
idaes/core/base/property_set.py,34,_PropertyMetadataIndex,_PropertyMetadataIndex,,,,14,,
idaes/core/base/property_set.py,227,PropertyMetadata,PropertyMetadata,,,,6,,
idaes/core/base/property_set.py,337,PropertySetBase,PropertySetBase,,,,12,,
idaes/core/base/property_set.py,606,StandardPropertySet,StandardPropertySet,PropertySetBase,,,0,,
idaes/core/base/property_set.py,992,ElectrolytePropertySet,ElectrolytePropertySet,StandardPropertySet,,,0,,
idaes/core/base/reaction_base.py,56,_lock_attribute_creation_context,_lock_attribute_creation_context,object,,,3,,
idaes/core/base/reaction_base.py,69,ReactionParameterBlock,ReactionParameterBlock,ProcessBlockData;property_meta.HasPropertyClassMetadata,,,9,,
idaes/core/base/reaction_base.py,216,ReactionBlockBase,ReactionBlockBase,ProcessBlock,,,2,BlockTriangularizationInitializer,
idaes/core/base/reaction_base.py,252,ReactionBlockDataBase,ReactionBlockDataBase,ProcessBlockData,,,14,,
idaes/core/base/unit_model.py,54,UnitModelBlockData,UnitModelBlockData,ProcessBlockData,declare_process_block_class('UnitModelBlock'),UnitModelBlock,11,SingleControlVolumeUnitInitializer,
idaes/core/base/var_like_expression.py,32,VarLikeExpressionData,VarLikeExpressionData,ExpressionData,,,7,,
idaes/core/base/var_like_expression.py,116,VarLikeExpression,VarLikeExpression,pyo.Expression,ModelComponentFactory.register('Named expressions that can be used in places of variables.'),,1,,
idaes/core/base/var_like_expression.py,144,SimpleVarLikeExpression,SimpleVarLikeExpression,VarLikeExpressionData;VarLikeExpression,,,2,,
idaes/core/base/var_like_expression.py,171,AbstractSimpleVarLikeExpression,AbstractSimpleVarLikeExpression,SimpleVarLikeExpression,"disable_methods({'set_value', 'is_constant', 'is_fixed', 'expr'})",,0,,
idaes/core/base/var_like_expression.py,175,IndexedVarLikeExpression,IndexedVarLikeExpression,VarLikeExpression,,,5,,
idaes/core/initialization/block_triangularization.py,35,BlockTriangularizationInitializer,BlockTriangularizationInitializer,InitializerBase,,,4,,
idaes/core/initialization/general_hierarchical.py,29,SingleControlVolumeUnitInitializer,SingleControlVolumeUnitInitializer,ModularInitializerBase,,,6,,
idaes/core/initialization/initialize_from_data.py,22,FromDataInitializer,FromDataInitializer,InitializerBase,,,1,,
idaes/core/initialization/initializer_base.py,43,InitializationStatus,InitializationStatus,Enum,,,0,,
idaes/core/initialization/initializer_base.py,79,InitializerBase,InitializerBase,,,,17,,
idaes/core/initialization/initializer_base.py,541,ModularInitializerBase,ModularInitializerBase,InitializerBase,,,10,,
idaes/core/plugins/simple_equality_eliminator.py,36,SimpleEqualityEliminator,SimpleEqualityEliminator,NonIsomorphicTransformation,"TransformationFactory.register('simple_equality_eliminator', doc='Eliminate simple equalities in the form a*x + b*y = c or a*x = b')",,4,,
idaes/core/plugins/variable_replace.py,42,ReplaceVariables,ReplaceVariables,NonIsomorphicTransformation,"TransformationFactory.register('replace_variables', doc='Replace variables with other variables.');document_kwargs_from_configdict('CONFIG')",,2,,
idaes/core/scaling/arc_constraint_scaler.py,31,ArcConstraintScaler,ArcConstraintScaler,CustomScalerBase,,,3,,
idaes/core/scaling/autoscaling.py,36,AutoScaler,AutoScaler,ScalerBase,,,5,,
idaes/core/scaling/custom_scaler_base.py,57,ConstraintScalingScheme,ConstraintScalingScheme,StrEnum,,,0,,
idaes/core/scaling/custom_scaler_base.py,75,DefaultScalingRecommendation,DefaultScalingRecommendation,StrEnum,,,0,,
idaes/core/scaling/custom_scaler_base.py,93,CustomScalerBase,CustomScalerBase,ScalerBase,,,22,,
idaes/core/scaling/nominal_value_tools.py,136,NominalValueExtractionVisitor,NominalValueExtractionVisitor,EXPR.StreamBasedExpressionVisitor,,,15,,
idaes/core/scaling/scaler_profiling.py,31,ScalingProfiler,ScalingProfiler,,,,10,,
idaes/core/scaling/scaling_base.py,104,ScalerBase,ScalerBase,,,,9,,
idaes/core/solvers/config.py,24,SolverWrapper,SolverWrapper,object,,,2,,
idaes/core/solvers/ipopt_l1.py,27,IPOPT_L1,IPOPT_L1,IPOPT,"SolverFactory.register('ipopt_l1', doc='The Ipopt NLP solver')",,1,,
idaes/core/solvers/petsc.py,98,DaeVarTypes,DaeVarTypes,enum.IntEnum,,,0,,
idaes/core/solvers/petsc.py,108,Petsc,Petsc,ASL,"pyo.SolverFactory.register('petsc', doc='ASL PETSc interface')",,2,,
idaes/core/solvers/petsc.py,128,PetscSNES,PetscSNES,Petsc,"pyo.SolverFactory.register('petsc_snes', doc='ASL PETSc SNES interface')",,1,,
idaes/core/solvers/petsc.py,148,PetscTS,PetscTS,Petsc,"pyo.SolverFactory.register('petsc_ts', doc='ASL PETSc TS interface')",,2,,
idaes/core/solvers/petsc.py,197,PetscTAO,PetscTAO,Petsc,"pyo.SolverFactory.register('petsc_tao', doc='ASL PETSc TAO interface')",,1,,
idaes/core/solvers/petsc.py,399,PetscDAEResults,PetscDAEResults,object,,,1,,
idaes/core/solvers/petsc.py,787,PetscTrajectory,PetscTrajectory,object,,,12,,
idaes/core/surrogate/alamopy.py,49,Modelers,Modelers,Enum,,,0,,
idaes/core/surrogate/alamopy.py,64,Screener,Screener,Enum,,,0,,
idaes/core/surrogate/alamopy.py,149,AlamoTrainer,AlamoTrainer,SurrogateTrainer,,,12,,
idaes/core/surrogate/alamopy.py,1195,AlamoSurrogate,AlamoSurrogate,SurrogateBase,,,5,,
idaes/core/surrogate/base/surrogate_base.py,20,SurrogateTrainer,SurrogateTrainer,object,,,7,,
idaes/core/surrogate/base/surrogate_base.py,203,SurrogateBase,SurrogateBase,,,,12,,
idaes/core/surrogate/keras_surrogate.py,48,KerasSurrogate,KerasSurrogate,OMLTSurrogate,,,5,,
idaes/core/surrogate/omlt_base_surrogate_class.py,37,OMLTSurrogate,OMLTSurrogate,SurrogateBase,,,3,,
idaes/core/surrogate/omlt_base_surrogate_class.py,115,Formulation,OMLTSurrogate.Formulation,Enum,,,0,,
idaes/core/surrogate/onnx_surrogate.py,47,ONNXSurrogate,ONNXSurrogate,OMLTSurrogate,,,5,,
idaes/core/surrogate/onnx_surrogate.py,93,Formulation,ONNXSurrogate.Formulation,Enum,,,0,,
idaes/core/surrogate/pysmo/kriging.py,36,MyBounds,MyBounds,object,,,2,,
idaes/core/surrogate/pysmo/kriging.py,59,KrigingModel,KrigingModel,,,,23,,
idaes/core/surrogate/pysmo/polynomial_regression.py,72,FeatureScaling,FeatureScaling,,,,3,,
idaes/core/surrogate/pysmo/polynomial_regression.py,155,PolynomialRegression,PolynomialRegression,,,,27,,
idaes/core/surrogate/pysmo/radial_basis_function.py,56,FeatureScaling,FeatureScaling,,,,3,,
idaes/core/surrogate/pysmo/radial_basis_function.py,157,RadialBasisFunctions,RadialBasisFunctions,,,,28,,
idaes/core/surrogate/pysmo/sampling.py,29,FeatureScaling,FeatureScaling,,,,3,,
idaes/core/surrogate/pysmo/sampling.py,123,SamplingMethods,SamplingMethods,,,,8,,
idaes/core/surrogate/pysmo/sampling.py,460,LatinHypercubeSampling,LatinHypercubeSampling,SamplingMethods,,,5,,
idaes/core/surrogate/pysmo/sampling.py,706,UniformSampling,UniformSampling,SamplingMethods,,,2,,
idaes/core/surrogate/pysmo/sampling.py,888,HaltonSampling,HaltonSampling,SamplingMethods,,,2,,
idaes/core/surrogate/pysmo/sampling.py,1072,HammersleySampling,HammersleySampling,SamplingMethods,,,2,,
idaes/core/surrogate/pysmo/sampling.py,1261,CVTSampling,CVTSampling,SamplingMethods,,,5,,
idaes/core/surrogate/pysmo/sampling.py,1581,CustomSampling,CustomSampling,SamplingMethods,,,3,,
idaes/core/surrogate/pysmo/utils.py,63,NumpyEvaluator,NumpyEvaluator,EXPR.StreamBasedExpressionVisitor,,,3,,
idaes/core/surrogate/pysmo_surrogate.py,55,PysmoSurrogateTrainingResult,PysmoSurrogateTrainingResult,,,,3,,
idaes/core/surrogate/pysmo_surrogate.py,104,PysmoTrainedSurrogate,PysmoTrainedSurrogate,,,,4,,
idaes/core/surrogate/pysmo_surrogate.py,162,PysmoTrainer,PysmoTrainer,SurrogateTrainer,,,5,,
idaes/core/surrogate/pysmo_surrogate.py,232,PysmoPolyTrainer,PysmoPolyTrainer,PysmoTrainer,,,3,,
idaes/core/surrogate/pysmo_surrogate.py,360,PysmoRBFTrainer,PysmoRBFTrainer,PysmoTrainer,,,3,,
idaes/core/surrogate/pysmo_surrogate.py,422,PysmoKrigingTrainer,PysmoKrigingTrainer,PysmoTrainer,,,2,,
idaes/core/surrogate/pysmo_surrogate.py,472,PysmoSurrogate,PysmoSurrogate,SurrogateBase,,,5,,
idaes/core/surrogate/pysmo_surrogate.py,590,TSEBase,TSEBase,,,,0,,
idaes/core/surrogate/pysmo_surrogate.py,602,TrainedSurrogateEncoder,TrainedSurrogateEncoder,JSONEncoder;TSEBase,,,4,,
idaes/core/surrogate/pysmo_surrogate.py,698,TrainedSurrogateDecoder,TrainedSurrogateDecoder,TSEBase,,,5,,
idaes/core/surrogate/sampling/scaling.py,20,OffsetScaler,OffsetScaler,object,,,11,,
idaes/core/surrogate/surrogate_block.py,29,SurrogateBlockData,SurrogateBlockData,BlockData,declare_custom_block(name='SurrogateBlock'),,7,,
idaes/core/util/constants.py,28,Constants,Constants,,,,0,,
idaes/core/util/convergence/convergence_base.py,116,ConvergenceEvaluationSpecification,ConvergenceEvaluationSpecification,object,"deprecated(msg='This class has been deprecated in favor of the new Parameter Sweep tools and may be removed in a future release.', version='2.3.0')",,3,,
idaes/core/util/convergence/convergence_base.py,179,ConvergenceEvaluation,ConvergenceEvaluation,,"deprecated(msg='This class has been deprecated in favor of the new Parameter Sweep tools and may be removed in a future release.', version='2.3.0')",,6,,
idaes/core/util/convergence/convergence_base.py,897,Stats,Stats,object,"deprecated(msg='This class has been deprecated in favor of the new Parameter Sweep tools and may be removed in a future release.', version='2.3.0')",,5,,
idaes/core/util/convergence/mpi_utils.py,32,MPIInterface,MPIInterface,,,,5,,
idaes/core/util/convergence/mpi_utils.py,78,ParallelTaskManager,ParallelTaskManager,,,,6,,
idaes/core/util/diagnostics_tools/constraint_term_analysis.py,38,ConstraintTermAnalysisVisitor,ConstraintTermAnalysisVisitor,EXPR.StreamBasedExpressionVisitor,,,16,,
idaes/core/util/diagnostics_tools/convergence_analysis.py,97,IpoptConvergenceAnalysis,IpoptConvergenceAnalysis,,,,20,,
idaes/core/util/diagnostics_tools/degeneracy_hunter.py,108,DegeneracyHunter,DegeneracyHunter,,document_kwargs_from_configdict(DHCONFIG),,10,,
idaes/core/util/diagnostics_tools/deprecated/degeneracy_hunter_legacy.py,58,DegeneracyHunter,DegeneracyHunter,,,,13,,
idaes/core/util/diagnostics_tools/diagnostics_toolbox.py,251,DiagnosticsToolbox,DiagnosticsToolbox,,document_kwargs_from_configdict(CONFIG),,40,,
idaes/core/util/diagnostics_tools/evaluation_error.py,192,EvalErrorWalker,EvalErrorWalker,StreamBasedExpressionVisitor,,,2,,
idaes/core/util/diagnostics_tools/svd_toolbox.py,165,SVDToolbox,SVDToolbox,,document_kwargs_from_configdict(SVDCONFIG),,6,,
idaes/core/util/doctesting.py,22,Docstring,Docstring,,,,4,,
idaes/core/util/env_info.py,33,EnvironmentInfo,EnvironmentInfo,,,,3,,
idaes/core/util/exceptions.py,21,IdaesError,IdaesError,Exception,,,0,,
idaes/core/util/exceptions.py,31,BalanceTypeNotSupportedError,BalanceTypeNotSupportedError,NotImplementedError;IdaesError,,,0,,
idaes/core/util/exceptions.py,40,ConfigurationError,ConfigurationError,ValueError;IdaesError,,,0,,
idaes/core/util/exceptions.py,49,DynamicError,DynamicError,ValueError;IdaesError,,,0,,
idaes/core/util/exceptions.py,58,BurntToast,BurntToast,IdaesError,,,0,,
idaes/core/util/exceptions.py,66,PropertyNotSupportedError,PropertyNotSupportedError,AttributeError;IdaesError,,,0,,
idaes/core/util/exceptions.py,77,PropertyPackageError,PropertyPackageError,AttributeError;IdaesError,,,0,,
idaes/core/util/exceptions.py,87,InitializationError,InitializationError,ArithmeticError;IdaesError,,,0,,
idaes/core/util/exceptions.py,96,UserModelError,UserModelError,ValueError;IdaesError,,,0,,
idaes/core/util/expr_doc.py,83,PyomoSympyBimap,PyomoSympyBimap,object,,,5,,
idaes/core/util/expr_doc.py,162,Pyomo2SympyVisitor,Pyomo2SympyVisitor,StreamBasedExpressionVisitor,,,3,,
idaes/core/util/misc.py,176,StrEnum,StrEnum,str;Enum,,,1,,
idaes/core/util/misc.py,185,_ToExprStringVisitor,_ToExprStringVisitor,_ToStringVisitor,,,1,,
idaes/core/util/model_serializer.py,188,Counter,Counter,object,,,1,,
idaes/core/util/model_serializer.py,198,StoreSpec,StoreSpec,object,,,11,,
idaes/core/util/parameter_sweep.py,39,ParameterSweepSpecification,ParameterSweepSpecification,object,,,14,,
idaes/core/util/parameter_sweep.py,426,ParameterSweepBase,ParameterSweepBase,,document_kwargs_from_configdict(CONFIG),,17,,
idaes/core/util/parameter_sweep.py,803,SequentialSweepRunner,SequentialSweepRunner,ParameterSweepBase,,,1,,
idaes/core/util/performance.py,32,PerformanceBaseClass,PerformanceBaseClass,,,,6,,
idaes/core/util/phase_equilibria.py,218,TXYDataClass,TXYDataClass,,,,4,,
idaes/core/util/scaling.py,989,CacheVars,CacheVars,object,,,3,,
idaes/core/util/scaling.py,1009,FlattenedScalingAssignment,FlattenedScalingAssignment,object,,,5,,
idaes/core/util/scaling.py,1265,NominalValueExtractionVisitor,NominalValueExtractionVisitor,EXPR.StreamBasedExpressionVisitor,,,14,,
idaes/core/util/structfs/fsrunner.py,35,Context,Context,dict,,,4,,
idaes/core/util/structfs/fsrunner.py,61,BaseFlowsheetRunner,BaseFlowsheetRunner,Runner,,,8,,
idaes/core/util/structfs/fsrunner.py,236,FlowsheetRunner,FlowsheetRunner,BaseFlowsheetRunner,,,4,,
idaes/core/util/structfs/fsrunner.py,239,DegreesOfFreedom,FlowsheetRunner.DegreesOfFreedom,,,,5,,
idaes/core/util/structfs/fsrunner.py,270,Timings,FlowsheetRunner.Timings,,,,5,,
idaes/core/util/structfs/runner.py,30,Step,Step,,,,2,,
idaes/core/util/structfs/runner.py,61,Runner,Runner,,,,21,,
idaes/core/util/structfs/runner.py,380,Action,Action,ABC,,,8,,
idaes/core/util/structfs/runner_actions.py,44,Timer,Timer,Action,,,11,,
idaes/core/util/structfs/runner_actions.py,47,Report,Timer.Report,BaseModel,,,0,,
idaes/core/util/structfs/runner_actions.py,180,UnitDofChecker,UnitDofChecker,Action,,,12,,
idaes/core/util/structfs/runner_actions.py,193,Report,UnitDofChecker.Report,BaseModel,,,0,,
idaes/core/util/structfs/runner_actions.py,373,CaptureSolverOutput,CaptureSolverOutput,Action,,,5,,
idaes/core/util/structfs/runner_actions.py,406,ModelVariables,ModelVariables,Action,,,7,,
idaes/core/util/structfs/runner_actions.py,411,Report,ModelVariables.Report,BaseModel,,,0,,
idaes/core/util/structfs/runner_actions.py,499,MermaidDiagram,MermaidDiagram,Action,,,2,,
idaes/core/util/structfs/runner_actions.py,502,Report,MermaidDiagram.Report,BaseModel,,,0,,
idaes/core/util/tags.py,30,ModelTag,ModelTag,,,,33,,
idaes/core/util/tags.py,550,ModelTagGroup,ModelTagGroup,dict,,,10,,
idaes/core/util/testing.py,145,PhysicalPropertiesTestScaler,PhysicalPropertiesTestScaler,CustomScalerBase,,,2,,
idaes/core/util/testing.py,185,_PhysicalParameterBlock,_PhysicalParameterBlock,PhysicalParameterBlock,declare_process_block_class('PhysicalParameterTestBlock'),PhysicalParameterTestBlock,2,,
idaes/core/util/testing.py,263,SBlockBase,SBlockBase,StateBlock,,,2,,
idaes/core/util/testing.py,282,StateTestBlockData,StateTestBlockData,StateBlockData,"declare_process_block_class('StateBlockForTesting', block_class=SBlockBase)",StateBlockForTesting,10,,PhysicalPropertiesTestScaler
idaes/core/util/testing.py,382,ReactionTestScaler,ReactionTestScaler,CustomScalerBase,,,2,,
idaes/core/util/testing.py,397,_ReactionParameterBlock,_ReactionParameterBlock,ReactionParameterBlock,declare_process_block_class('ReactionParameterTestBlock'),ReactionParameterTestBlock,3,,
idaes/core/util/testing.py,450,RBlockBase,RBlockBase,ReactionBlockBase,,,1,,ReactionTestScaler
idaes/core/util/testing.py,461,ReactionBlockData,ReactionBlockData,ReactionBlockDataBase,"declare_process_block_class('ReactionBlock', block_class=RBlockBase)",ReactionBlock,3,,
idaes/core/util/utility_minimization.py,675,PinchDataClass,PinchDataClass,,,,3,,
idaes/core/util/utility_minimization.py,712,CurveData,CurveData,,,,7,,
idaes/logger.py,46,_TagFilter,_TagFilter,logging.Filter,,,1,,
idaes/logger.py,281,SolverLogInfo,SolverLogInfo,object,,,1,,
idaes/models/control/controller.py,35,ControllerType,ControllerType,enum.Enum,,,0,,
idaes/models/control/controller.py,44,ControllerMVBoundType,ControllerMVBoundType,enum.Enum,,,0,,
idaes/models/control/controller.py,57,ControllerAntiwindupType,ControllerAntiwindupType,enum.Enum,,,0,,
idaes/models/control/controller.py,84,PIDControllerData,PIDControllerData,UnitModelBlockData,"declare_process_block_class('PIDController', doc='PID controller model block. To use this the model must be dynamic.')",PIDController,2,,
idaes/models/costing/QGESS.py,74,QGESSCostingData,QGESSCostingData,FlowsheetCostingBlockData,declare_process_block_class('QGESSCosting'),QGESSCosting,12,,
idaes/models/costing/SSLW.py,64,HXType,HXType,StrEnum,,,0,,
idaes/models/costing/SSLW.py,75,HXMaterial,HXMaterial,StrEnum,,,0,,
idaes/models/costing/SSLW.py,92,HXTubeLength,HXTubeLength,StrEnum,,,0,,
idaes/models/costing/SSLW.py,103,VesselMaterial,VesselMaterial,StrEnum,,,0,,
idaes/models/costing/SSLW.py,120,TrayType,TrayType,StrEnum,,,0,,
idaes/models/costing/SSLW.py,130,TrayMaterial,TrayMaterial,StrEnum,,,0,,
idaes/models/costing/SSLW.py,142,HeaterMaterial,HeaterMaterial,StrEnum,,,0,,
idaes/models/costing/SSLW.py,152,HeaterSource,HeaterSource,StrEnum,,,0,,
idaes/models/costing/SSLW.py,166,CompressorType,CompressorType,StrEnum,,,0,,
idaes/models/costing/SSLW.py,176,CompressorDriveType,CompressorDriveType,StrEnum,,,0,,
idaes/models/costing/SSLW.py,186,CompressorMaterial,CompressorMaterial,StrEnum,,,0,,
idaes/models/costing/SSLW.py,196,PumpMaterial,PumpMaterial,StrEnum,,,0,,
idaes/models/costing/SSLW.py,214,PumpType,PumpType,StrEnum,,,0,,
idaes/models/costing/SSLW.py,224,PumpMotorType,PumpMotorType,StrEnum,,,0,,
idaes/models/costing/SSLW.py,234,FanType,FanType,StrEnum,,,0,,
idaes/models/costing/SSLW.py,245,FanMaterial,FanMaterial,StrEnum,,,0,,
idaes/models/costing/SSLW.py,256,BlowerType,BlowerType,StrEnum,,,0,,
idaes/models/costing/SSLW.py,265,BlowerMaterial,BlowerMaterial,StrEnum,,,0,,
idaes/models/costing/SSLW.py,278,SSLWCostingData,SSLWCostingData,FlowsheetCostingBlockData,declare_process_block_class('SSLWCosting'),SSLWCosting,16,,
idaes/models/properties/activity_coeff_models/BTX_activity_coeff_VLE.py,43,BTXParameterData,BTXParameterData,ActivityCoeffParameterData,declare_process_block_class('BTXParameterBlock'),BTXParameterBlock,1,,
idaes/models/properties/activity_coeff_models/activity_coeff_prop_pack.py,101,ActivityCoeffParameterData,ActivityCoeffParameterData,PhysicalParameterBlock,declare_process_block_class('ActivityCoeffParameterBlock'),ActivityCoeffParameterBlock,2,,
idaes/models/properties/activity_coeff_models/activity_coeff_prop_pack.py,307,ActivityCoeffInitializer,ActivityCoeffInitializer,InitializerBase,,,2,,
idaes/models/properties/activity_coeff_models/activity_coeff_prop_pack.py,489,_ActivityCoeffStateBlock,_ActivityCoeffStateBlock,StateBlock,,,3,ActivityCoeffInitializer,
idaes/models/properties/activity_coeff_models/activity_coeff_prop_pack.py,720,ActivityCoeffStateBlockData,ActivityCoeffStateBlockData,StateBlockData,"declare_process_block_class('ActivityCoeffStateBlock', block_class=_ActivityCoeffStateBlock)",ActivityCoeffStateBlock,34,,
idaes/models/properties/activity_coeff_models/methane_combustion_ideal.py,44,MethaneParameterData,MethaneParameterData,ActivityCoeffParameterData,declare_process_block_class('MethaneParameterBlock'),MethaneParameterBlock,1,,
idaes/models/properties/examples/saponification_reactions.py,47,ReactionParameterData,ReactionParameterData,ReactionParameterBlock,declare_process_block_class('SaponificationReactionParameterBlock'),SaponificationReactionParameterBlock,2,,
idaes/models/properties/examples/saponification_reactions.py,116,SaponificationReactionScaler,SaponificationReactionScaler,CustomScalerBase,,,2,,
idaes/models/properties/examples/saponification_reactions.py,186,_ReactionBlock,_ReactionBlock,ReactionBlockBase,,,1,,SaponificationReactionScaler
idaes/models/properties/examples/saponification_reactions.py,209,ReactionBlockData,ReactionBlockData,ReactionBlockDataBase,"declare_process_block_class('ReactionBlock', block_class=_ReactionBlock)",ReactionBlock,5,,
idaes/models/properties/examples/saponification_thermo.py,58,PhysicalParameterData,PhysicalParameterData,PhysicalParameterBlock,declare_process_block_class('SaponificationParameterBlock'),SaponificationParameterBlock,2,,
idaes/models/properties/examples/saponification_thermo.py,140,SaponificationPropertiesScaler,SaponificationPropertiesScaler,CustomScalerBase,,,2,,
idaes/models/properties/examples/saponification_thermo.py,183,_StateBlock,_StateBlock,StateBlock,,,3,,SaponificationPropertiesScaler
idaes/models/properties/examples/saponification_thermo.py,318,SaponificationStateBlockData,SaponificationStateBlockData,StateBlockData,"declare_process_block_class('SaponificationStateBlock', block_class=_StateBlock)",SaponificationStateBlock,11,,
idaes/models/properties/general_helmholtz/components/registry.py,18,_ComponentStruct,_ComponentStruct,object,,,1,,
idaes/models/properties/general_helmholtz/helmholtz_functions.py,91,StateVars,StateVars,enum.Enum,,,0,,
idaes/models/properties/general_helmholtz/helmholtz_functions.py,107,PhaseType,PhaseType,enum.Enum,,,0,,
idaes/models/properties/general_helmholtz/helmholtz_functions.py,123,AmountBasis,AmountBasis,enum.Enum,,,0,,
idaes/models/properties/general_helmholtz/helmholtz_functions.py,167,HelmholtzThermoExpressions,HelmholtzThermoExpressions,object,,,57,,
idaes/models/properties/general_helmholtz/helmholtz_functions.py,1101,HelmholtzParameterBlockData,HelmholtzParameterBlockData,PhysicalParameterBlock,declare_process_block_class('HelmholtzParameterBlock'),HelmholtzParameterBlock,16,,
idaes/models/properties/general_helmholtz/helmholtz_parameters.py,48,WriteParameters,WriteParameters,object,,,10,,
idaes/models/properties/general_helmholtz/helmholtz_state.py,57,HelmholtzEoSScaler,HelmholtzEoSScaler,CustomScalerBase,,,2,,
idaes/models/properties/general_helmholtz/helmholtz_state.py,165,HelmholtzEoSInitializer,HelmholtzEoSInitializer,InitializerBase,,,1,,
idaes/models/properties/general_helmholtz/helmholtz_state.py,196,_StateBlock,_StateBlock,StateBlock,,,5,HelmholtzEoSInitializer,HelmholtzEoSScaler
idaes/models/properties/general_helmholtz/helmholtz_state.py,405,HelmholtzStateBlockData,HelmholtzStateBlockData,StateBlockData,"declare_process_block_class('HelmholtzStateBlock', block_class=_StateBlock)",HelmholtzStateBlock,16,,
idaes/models/properties/iapws95.py,72,Iapws95ParameterBlockData,Iapws95ParameterBlockData,HelmholtzParameterBlockData,declare_process_block_class('Iapws95ParameterBlock'),Iapws95ParameterBlock,0,,
idaes/models/properties/iapws95.py,86,Iapws95StateBlockData,Iapws95StateBlockData,HelmholtzStateBlockData,"declare_process_block_class('Iapws95StateBlock', block_class=_StateBlock)",Iapws95StateBlock,0,,
idaes/models/properties/interrogator/properties_interrogator.py,55,PropertyInterrogatorData,PropertyInterrogatorData,PhysicalParameterBlock,declare_process_block_class('PropertyInterrogatorBlock'),PropertyInterrogatorBlock,8,,
idaes/models/properties/interrogator/properties_interrogator.py,296,_InterrogatorStateBlock,_InterrogatorStateBlock,StateBlock,,,1,,
idaes/models/properties/interrogator/properties_interrogator.py,318,InterrogatorStateBlockData,InterrogatorStateBlockData,StateBlockData,"declare_process_block_class('InterrogatorStateBlock', block_class=_InterrogatorStateBlock)",InterrogatorStateBlock,13,,
idaes/models/properties/interrogator/reactions_interrogator.py,43,ReactionInterrogatorData,ReactionInterrogatorData,ReactionParameterBlock,declare_process_block_class('ReactionInterrogatorBlock'),ReactionInterrogatorBlock,8,,
idaes/models/properties/interrogator/reactions_interrogator.py,253,_InterrogatorReactionBlock,_InterrogatorReactionBlock,ReactionBlockBase,,,1,,
idaes/models/properties/interrogator/reactions_interrogator.py,275,InterrogatorReactionBlockData,InterrogatorReactionBlockData,ReactionBlockDataBase,"declare_process_block_class('InterrogatorReactionBlock', block_class=_InterrogatorReactionBlock)",InterrogatorReactionBlock,5,,
idaes/models/properties/modular_properties/base/generic_property.py,143,ModularPropertiesScaler,ModularPropertiesScaler,ModularPropertiesScalerBase,,,9,,
idaes/models/properties/modular_properties/base/generic_property.py,992,GenericParameterData,GenericParameterData,PhysicalParameterBlock,declare_process_block_class('GenericParameterBlock'),GenericParameterBlock,4,,
idaes/models/properties/modular_properties/base/generic_property.py,2075,ModularPropertiesInitializer,ModularPropertiesInitializer,InitializerBase,,,2,,
idaes/models/properties/modular_properties/base/generic_property.py,2495,_GenericStateBlock,_GenericStateBlock,StateBlock,,,6,ModularPropertiesInitializer,ModularPropertiesScaler
idaes/models/properties/modular_properties/base/generic_property.py,2985,GenericStateBlockData,GenericStateBlockData,StateBlockData,"declare_process_block_class('GenericStateBlock', block_class=_GenericStateBlock)",GenericStateBlock,112,ModularPropertiesInitializer,
idaes/models/properties/modular_properties/base/generic_reaction.py,60,GenericReactionPackageError,GenericReactionPackageError,PropertyPackageError,,,2,,
idaes/models/properties/modular_properties/base/generic_reaction.py,78,ModularReactionScaler,ModularReactionScaler,ModularPropertiesScalerBase,,,2,,
idaes/models/properties/modular_properties/base/generic_reaction.py,247,GenericReactionParameterData,GenericReactionParameterData,ReactionParameterBlock,declare_process_block_class('GenericReactionParameterBlock'),GenericReactionParameterBlock,4,,
idaes/models/properties/modular_properties/base/generic_reaction.py,603,_GenericReactionBlock,_GenericReactionBlock,ReactionBlockBase,,,1,,
idaes/models/properties/modular_properties/base/generic_reaction.py,624,GenericReactionBlockData,GenericReactionBlockData,ReactionBlockDataBase,"declare_process_block_class('GenericReactionBlock', block_class=_GenericReactionBlock)",GenericReactionBlock,9,,ModularReactionScaler
idaes/models/properties/modular_properties/base/utility.py,39,StateIndex,StateIndex,Enum,,,0,,
idaes/models/properties/modular_properties/base/utility.py,44,GenericPropertyPackageError,GenericPropertyPackageError,PropertyPackageError,,,2,,
idaes/models/properties/modular_properties/base/utility.py,252,ConcentrationForm,ConcentrationForm,Enum,,,0,,
idaes/models/properties/modular_properties/base/utility.py,637,ModularPropertiesScalerBase,ModularPropertiesScalerBase,CustomScalerBase,,,1,,
idaes/models/properties/modular_properties/coolprop/coolprop_wrapper.py,52,CoolPropExpressionError,CoolPropExpressionError,ValueError,,,1,,
idaes/models/properties/modular_properties/coolprop/coolprop_wrapper.py,71,CoolPropPropertyError,CoolPropPropertyError,KeyError,,,1,,
idaes/models/properties/modular_properties/coolprop/coolprop_wrapper.py,88,CoolPropWrapper,CoolPropWrapper,,,,7,,
idaes/models/properties/modular_properties/coolprop/coolprop_wrapper.py,149,dens_mol_liq_comp,CoolPropWrapper.dens_mol_liq_comp,,,,2,,
idaes/models/properties/modular_properties/coolprop/coolprop_wrapper.py,172,enth_mol_liq_comp,CoolPropWrapper.enth_mol_liq_comp,,,,2,,
idaes/models/properties/modular_properties/coolprop/coolprop_wrapper.py,208,enth_mol_ig_comp,CoolPropWrapper.enth_mol_ig_comp,,,,2,,
idaes/models/properties/modular_properties/coolprop/coolprop_wrapper.py,240,entr_mol_liq_comp,CoolPropWrapper.entr_mol_liq_comp,,,,2,,
idaes/models/properties/modular_properties/coolprop/coolprop_wrapper.py,281,entr_mol_ig_comp,CoolPropWrapper.entr_mol_ig_comp,,,,2,,
idaes/models/properties/modular_properties/coolprop/coolprop_wrapper.py,317,pressure_sat_comp,CoolPropWrapper.pressure_sat_comp,,,,3,,
idaes/models/properties/modular_properties/eos/ceos.py,75,MixingRuleA,MixingRuleA,Enum,,,0,,
idaes/models/properties/modular_properties/eos/ceos.py,82,MixingRuleB,MixingRuleB,Enum,,,0,,
idaes/models/properties/modular_properties/eos/ceos.py,121,Cubic,Cubic,EoSBase,,,33,,
idaes/models/properties/modular_properties/eos/ceos_common.py,43,CubicType,CubicType,enum.Enum,,,0,,
idaes/models/properties/modular_properties/eos/ceos_common.py,56,_ExternalFunctionSpecs,_ExternalFunctionSpecs,object,,,2,,
idaes/models/properties/modular_properties/eos/ceos_common.py,77,CubicThermoExpressions,CubicThermoExpressions,object,,,4,,
idaes/models/properties/modular_properties/eos/enrtl.py,64,ENRTL,ENRTL,Ideal,,,11,,
idaes/models/properties/modular_properties/eos/enrtl_parameters.py,31,ConstantAlpha,ConstantAlpha,object,,,2,,
idaes/models/properties/modular_properties/eos/enrtl_parameters.py,113,ConstantTau,ConstantTau,object,,,2,,
idaes/models/properties/modular_properties/eos/enrtl_reference_states.py,46,Unsymmetric,Unsymmetric,object,,,2,,
idaes/models/properties/modular_properties/eos/enrtl_reference_states.py,73,Symmetric,Symmetric,object,,,2,,
idaes/models/properties/modular_properties/eos/eos_base.py,32,EoSBase,EoSBase,,,,46,,
idaes/models/properties/modular_properties/eos/ideal.py,41,IdealScaler,IdealScaler,CustomScalerBase,,,2,,
idaes/models/properties/modular_properties/eos/ideal.py,90,Ideal,Ideal,EoSBase,,,38,,IdealScaler
idaes/models/properties/modular_properties/phase_equil/bubble_dew.py,37,IdealBubbleDewScaler,IdealBubbleDewScaler,CustomScalerBase,,,2,,
idaes/models/properties/modular_properties/phase_equil/bubble_dew.py,138,IdealBubbleDew,IdealBubbleDew,,,,8,,IdealBubbleDewScaler
idaes/models/properties/modular_properties/phase_equil/bubble_dew.py,624,LogBubbleDewScaler,LogBubbleDewScaler,CustomScalerBase,,,2,,
idaes/models/properties/modular_properties/phase_equil/bubble_dew.py,713,LogBubbleDew,LogBubbleDew,,,,8,,LogBubbleDewScaler
idaes/models/properties/modular_properties/phase_equil/forms.py,24,FugacityScaler,FugacityScaler,CustomScalerBase,,,2,,
idaes/models/properties/modular_properties/phase_equil/forms.py,40,fugacity,fugacity,,,,2,,FugacityScaler
idaes/models/properties/modular_properties/phase_equil/forms.py,71,LogFugacityScaler,LogFugacityScaler,CustomScalerBase,,,2,,
idaes/models/properties/modular_properties/phase_equil/forms.py,91,log_fugacity,log_fugacity,,,,2,,LogFugacityScaler
idaes/models/properties/modular_properties/phase_equil/henry.py,34,HenryType,HenryType,Enum,,,0,,
idaes/models/properties/modular_properties/phase_equil/henry.py,194,ConstantH,ConstantH,,,,3,,
idaes/models/properties/modular_properties/phase_equil/smooth_VLE.py,34,SmoothVLEScaler,SmoothVLEScaler,CustomScalerBase,,,2,,
idaes/models/properties/modular_properties/phase_equil/smooth_VLE.py,63,SmoothVLE,SmoothVLE,object,,,4,,SmoothVLEScaler
idaes/models/properties/modular_properties/phase_equil/smooth_VLE_2.py,50,CubicComplementarityVLEScaler,CubicComplementarityVLEScaler,CustomScalerBase,,,2,,
idaes/models/properties/modular_properties/phase_equil/smooth_VLE_2.py,72,CubicComplementarityVLE,CubicComplementarityVLE,,,,4,,CubicComplementarityVLEScaler
idaes/models/properties/modular_properties/pure/ChapmanEnskog.py,27,ChapmanEnskogLennardJones,ChapmanEnskogLennardJones,object,,,1,,
idaes/models/properties/modular_properties/pure/ChapmanEnskog.py,48,visc_d_phase_comp,ChapmanEnskogLennardJones.visc_d_phase_comp,object,,,2,,
idaes/models/properties/modular_properties/pure/ChungPure.py,30,ChungViscosityPure,ChungViscosityPure,object,,,1,,
idaes/models/properties/modular_properties/pure/ChungPure.py,51,visc_d_phase_comp,ChungViscosityPure.visc_d_phase_comp,object,,,2,,
idaes/models/properties/modular_properties/pure/ConstantProperties.py,29,Constant,Constant,object,,,0,,
idaes/models/properties/modular_properties/pure/ConstantProperties.py,32,cp_mol_liq_comp,Constant.cp_mol_liq_comp,object,,,2,,
idaes/models/properties/modular_properties/pure/ConstantProperties.py,47,enth_mol_liq_comp,Constant.enth_mol_liq_comp,object,,,2,,
idaes/models/properties/modular_properties/pure/ConstantProperties.py,76,entr_mol_liq_comp,Constant.entr_mol_liq_comp,object,,,2,,
idaes/models/properties/modular_properties/pure/ConstantProperties.py,100,dens_mol_liq_comp,Constant.dens_mol_liq_comp,object,,,2,,
idaes/models/properties/modular_properties/pure/ConstantProperties.py,116,cp_mol_ig_comp,Constant.cp_mol_ig_comp,object,,,2,,
idaes/models/properties/modular_properties/pure/ConstantProperties.py,131,enth_mol_ig_comp,Constant.enth_mol_ig_comp,object,,,2,,
idaes/models/properties/modular_properties/pure/ConstantProperties.py,160,entr_mol_ig_comp,Constant.entr_mol_ig_comp,object,,,2,,
idaes/models/properties/modular_properties/pure/ConstantProperties.py,184,cp_mol_sol_comp,Constant.cp_mol_sol_comp,object,,,2,,
idaes/models/properties/modular_properties/pure/ConstantProperties.py,200,enth_mol_sol_comp,Constant.enth_mol_sol_comp,object,,,2,,
idaes/models/properties/modular_properties/pure/ConstantProperties.py,229,entr_mol_sol_comp,Constant.entr_mol_sol_comp,object,,,2,,
idaes/models/properties/modular_properties/pure/ConstantProperties.py,253,dens_mol_sol_comp,Constant.dens_mol_sol_comp,object,,,2,,
idaes/models/properties/modular_properties/pure/ConstantProperties.py,268,visc_d_phase_comp,Constant.visc_d_phase_comp,object,,,2,,
idaes/models/properties/modular_properties/pure/ConstantProperties.py,286,therm_cond_phase_comp,Constant.therm_cond_phase_comp,object,,,2,,
idaes/models/properties/modular_properties/pure/Eucken.py,27,Eucken,Eucken,object,,,0,,
idaes/models/properties/modular_properties/pure/Eucken.py,30,therm_cond_phase_comp,Eucken.therm_cond_phase_comp,object,,,2,,
idaes/models/properties/modular_properties/pure/NIST.py,33,NIST,NIST,object,,,0,,
idaes/models/properties/modular_properties/pure/NIST.py,36,cp_mol_ig_comp,NIST.cp_mol_ig_comp,,,,2,,
idaes/models/properties/modular_properties/pure/NIST.py,112,enth_mol_ig_comp,NIST.enth_mol_ig_comp,,,,2,,
idaes/models/properties/modular_properties/pure/NIST.py,143,entr_mol_ig_comp,NIST.entr_mol_ig_comp,,,,2,,
idaes/models/properties/modular_properties/pure/NIST.py,168,pressure_sat_comp,NIST.pressure_sat_comp,,,,3,,
idaes/models/properties/modular_properties/pure/Perrys.py,37,Perrys,Perrys,object,,,0,,
idaes/models/properties/modular_properties/pure/Perrys.py,40,cp_mol_liq_comp,Perrys.cp_mol_liq_comp,,,,2,,
idaes/models/properties/modular_properties/pure/Perrys.py,88,enth_mol_liq_comp,Perrys.enth_mol_liq_comp,,,,2,,
idaes/models/properties/modular_properties/pure/Perrys.py,131,entr_mol_liq_comp,Perrys.entr_mol_liq_comp,,,,2,,
idaes/models/properties/modular_properties/pure/Perrys.py,170,dens_mol_liq_comp_eqn_1,Perrys.dens_mol_liq_comp_eqn_1,,,,2,,
idaes/models/properties/modular_properties/pure/Perrys.py,211,dens_mol_liq_comp_eqn_2,Perrys.dens_mol_liq_comp_eqn_2,,,,2,,
idaes/models/properties/modular_properties/pure/Perrys.py,254,dens_mol_liq_comp,Perrys.dens_mol_liq_comp,,,,2,,
idaes/models/properties/modular_properties/pure/RPP3.py,32,RPP3,RPP3,object,,,0,,
idaes/models/properties/modular_properties/pure/RPP3.py,35,cp_mol_ig_comp,RPP3.cp_mol_ig_comp,,,,2,,
idaes/models/properties/modular_properties/pure/RPP3.py,77,enth_mol_ig_comp,RPP3.enth_mol_ig_comp,,,,2,,
idaes/models/properties/modular_properties/pure/RPP3.py,119,entr_mol_ig_comp,RPP3.entr_mol_ig_comp,,,,2,,
idaes/models/properties/modular_properties/pure/RPP3.py,157,pressure_sat_comp,RPP3.pressure_sat_comp,,,,3,,
idaes/models/properties/modular_properties/pure/RPP4.py,32,RPP4,RPP4,object,,,0,,
idaes/models/properties/modular_properties/pure/RPP4.py,35,cp_mol_ig_comp,RPP4.cp_mol_ig_comp,,,,2,,
idaes/models/properties/modular_properties/pure/RPP4.py,77,enth_mol_ig_comp,RPP4.enth_mol_ig_comp,,,,2,,
idaes/models/properties/modular_properties/pure/RPP4.py,119,entr_mol_ig_comp,RPP4.entr_mol_ig_comp,,,,2,,
idaes/models/properties/modular_properties/pure/RPP4.py,157,pressure_sat_comp,RPP4.pressure_sat_comp,,,,3,,
idaes/models/properties/modular_properties/pure/RPP5.py,34,RPP5,RPP5,object,,,0,,
idaes/models/properties/modular_properties/pure/RPP5.py,37,cp_mol_ig_comp,RPP5.cp_mol_ig_comp,,,,2,,
idaes/models/properties/modular_properties/pure/RPP5.py,85,enth_mol_ig_comp,RPP5.enth_mol_ig_comp,,,,2,,
idaes/models/properties/modular_properties/pure/RPP5.py,131,entr_mol_ig_comp,RPP5.entr_mol_ig_comp,,,,2,,
idaes/models/properties/modular_properties/pure/RPP5.py,172,pressure_sat_comp,RPP5.pressure_sat_comp,,,,5,,
idaes/models/properties/modular_properties/pure/electrolyte.py,28,relative_permittivity_constant,relative_permittivity_constant,,,,2,,
idaes/models/properties/modular_properties/reactions/dh_rxn.py,30,ConstantEnthalpyRxnScaler,ConstantEnthalpyRxnScaler,CustomScalerBase,,,2,,
idaes/models/properties/modular_properties/reactions/dh_rxn.py,62,constant_dh_rxn,constant_dh_rxn,,,,3,,ConstantEnthalpyRxnScaler
idaes/models/properties/modular_properties/reactions/equilibrium_constant.py,35,ConstantKeqScaler,ConstantKeqScaler,CustomScalerBase,,,2,,
idaes/models/properties/modular_properties/reactions/equilibrium_constant.py,68,ConstantKeq,ConstantKeq,,,,4,,ConstantKeqScaler
idaes/models/properties/modular_properties/reactions/equilibrium_constant.py,149,van_t_hoff,van_t_hoff,,,,4,,ConstantKeqScaler
idaes/models/properties/modular_properties/reactions/equilibrium_constant.py,250,GibbsEnergyScaler,GibbsEnergyScaler,CustomScalerBase,,,2,,
idaes/models/properties/modular_properties/reactions/equilibrium_constant.py,281,gibbs_energy,gibbs_energy,,,,4,,GibbsEnergyScaler
idaes/models/properties/modular_properties/reactions/equilibrium_forms.py,35,PowerLawEquilScaler,PowerLawEquilScaler,CustomScalerBase,,,2,,
idaes/models/properties/modular_properties/reactions/equilibrium_forms.py,65,power_law_equil,power_law_equil,,,,3,,PowerLawEquilScaler
idaes/models/properties/modular_properties/reactions/equilibrium_forms.py,102,LogPowerLawEquilScaler,LogPowerLawEquilScaler,CustomScalerBase,,,2,,
idaes/models/properties/modular_properties/reactions/equilibrium_forms.py,132,log_power_law_equil,log_power_law_equil,,,,2,,LogPowerLawEquilScaler
idaes/models/properties/modular_properties/reactions/equilibrium_forms.py,166,solubility_product,solubility_product,,,,3,,
idaes/models/properties/modular_properties/reactions/equilibrium_forms.py,284,log_solubility_product,log_solubility_product,,,,3,,
idaes/models/properties/modular_properties/reactions/rate_constant.py,34,arrhenius,arrhenius,,,,2,,
idaes/models/properties/modular_properties/reactions/rate_forms.py,26,power_law_rate,power_law_rate,,,,2,,
idaes/models/properties/modular_properties/state_definitions/FPhx.py,508,FPhxScaler,FPhxScaler,FTPxScaler,,,1,,
idaes/models/properties/modular_properties/state_definitions/FPhx.py,554,FPhx,FPhx,object,,,0,,FPhxScaler
idaes/models/properties/modular_properties/state_definitions/FTPx.py,725,FTPxScaler,FTPxScaler,CustomScalerBase,,,2,,
idaes/models/properties/modular_properties/state_definitions/FTPx.py,820,FTPx,FTPx,object,,,0,,FTPxScaler
idaes/models/properties/modular_properties/state_definitions/FcPh.py,509,FcPhScaler,FcPhScaler,FTPxScaler,,,1,,
idaes/models/properties/modular_properties/state_definitions/FcPh.py,570,FcPh,FcPh,object,,,0,,FcPhScaler
idaes/models/properties/modular_properties/state_definitions/FcTP.py,495,FcTPScaler,FcTPScaler,FTPxScaler,,,1,,
idaes/models/properties/modular_properties/state_definitions/FcTP.py,545,FcTP,FcTP,object,,,0,,FcTPScaler
idaes/models/properties/modular_properties/state_definitions/FpTPxpc.py,387,FpTPxpc,FpTPxpc,object,,,0,,
idaes/models/properties/modular_properties/state_definitions/FpcTP.py,357,FpcTPScaler,FpcTPScaler,FTPxScaler,,,1,,
idaes/models/properties/modular_properties/state_definitions/FpcTP.py,371,FpcTP,FpcTP,object,,,0,,FpcTPScaler
idaes/models/properties/modular_properties/transport_properties/no_method.py,25,NoMethod,NoMethod,object,,,0,,
idaes/models/properties/modular_properties/transport_properties/no_method.py,28,visc_d_phase,NoMethod.visc_d_phase,object,,,2,,
idaes/models/properties/modular_properties/transport_properties/no_method.py,43,therm_cond_phase,NoMethod.therm_cond_phase,object,,,2,,
idaes/models/properties/modular_properties/transport_properties/thermal_conductivity_wms.py,26,ThermalConductivityWMS,ThermalConductivityWMS,object,,,0,,
idaes/models/properties/modular_properties/transport_properties/thermal_conductivity_wms.py,29,therm_cond_phase,ThermalConductivityWMS.therm_cond_phase,object,,,2,,
idaes/models/properties/modular_properties/transport_properties/viscosity_wilke.py,27,ViscosityWilke,ViscosityWilke,object,,,2,,
idaes/models/properties/modular_properties/transport_properties/viscosity_wilke.py,72,visc_d_phase,ViscosityWilke.visc_d_phase,object,,,2,,
idaes/models/properties/swco2.py,72,SWCO2ParameterBlockData,SWCO2ParameterBlockData,HelmholtzParameterBlockData,declare_process_block_class('SWCO2ParameterBlock'),SWCO2ParameterBlock,0,,
idaes/models/properties/swco2.py,86,SWCO2StateBlockData,SWCO2StateBlockData,HelmholtzStateBlockData,"declare_process_block_class('SWCO2StateBlock', block_class=_StateBlock)",SWCO2StateBlock,0,,
idaes/models/unit_models/cstr.py,40,CSTRScaler,CSTRScaler,CustomScalerBase,,,2,,
idaes/models/unit_models/cstr.py,175,CSTRData,CSTRData,UnitModelBlockData,declare_process_block_class('CSTR'),CSTR,2,,CSTRScaler
idaes/models/unit_models/equilibrium_reactor.py,41,EquilibriumReactorScaler,EquilibriumReactorScaler,CustomScalerBase,,,2,,
idaes/models/unit_models/equilibrium_reactor.py,100,EquilibriumReactorScalerLegacy,EquilibriumReactorScalerLegacy,CustomScalerBase,,,2,,
idaes/models/unit_models/equilibrium_reactor.py,247,EquilibriumReactorData,EquilibriumReactorData,UnitModelBlockData,declare_process_block_class('EquilibriumReactor'),EquilibriumReactor,2,,EquilibriumReactorScaler
idaes/models/unit_models/feed.py,36,FeedScaler,FeedScaler,CustomScalerBase,,,2,,
idaes/models/unit_models/feed.py,62,FeedInitializer,FeedInitializer,ModularInitializerBase,,,1,,
idaes/models/unit_models/feed.py,95,FeedData,FeedData,UnitModelBlockData,declare_process_block_class('Feed'),Feed,3,FeedInitializer,FeedScaler
idaes/models/unit_models/feed_flash.py,42,FlashType,FlashType,Enum,,,0,,
idaes/models/unit_models/feed_flash.py,51,FeedFlashScaler,FeedFlashScaler,CustomScalerBase,,,2,,
idaes/models/unit_models/feed_flash.py,103,FeedFlashData,FeedFlashData,UnitModelBlockData,declare_process_block_class('FeedFlash'),FeedFlash,3,,FeedFlashScaler
idaes/models/unit_models/flash.py,53,FlashScaler,FlashScaler,CustomScalerBase,,,2,,
idaes/models/unit_models/flash.py,97,FlashData,FlashData,UnitModelBlockData,declare_process_block_class('Flash'),Flash,3,,FlashScaler
idaes/models/unit_models/gibbs_reactor.py,38,GibbsReactorScaler,GibbsReactorScaler,CustomScalerBase,,,2,,
idaes/models/unit_models/gibbs_reactor.py,191,GibbsReactorData,GibbsReactorData,UnitModelBlockData,declare_process_block_class('GibbsReactor'),GibbsReactor,2,,GibbsReactorScaler
idaes/models/unit_models/heat_exchanger.py,59,HeatExchangerFlowPattern,HeatExchangerFlowPattern,Enum,,,0,,
idaes/models/unit_models/heat_exchanger.py,69,HX0DScaler,HX0DScaler,CustomScalerBase,,,2,,
idaes/models/unit_models/heat_exchanger.py,178,HX0DInitializer,HX0DInitializer,SingleControlVolumeUnitInitializer,,,2,,
idaes/models/unit_models/heat_exchanger.py,616,HeatExchangerData,HeatExchangerData,UnitModelBlockData,"declare_process_block_class('HeatExchanger', doc='Simple 0D heat exchanger model.')",HeatExchanger,5,HX0DInitializer,HX0DScaler
idaes/models/unit_models/heat_exchanger_1D.py,60,HX1DScaler,HX1DScaler,CustomScalerBase,,,2,,
idaes/models/unit_models/heat_exchanger_1D.py,142,HX1DInitializer,HX1DInitializer,SingleControlVolumeUnitInitializer,,,2,,
idaes/models/unit_models/heat_exchanger_1D.py,283,HeatExchanger1DData,HeatExchanger1DData,UnitModelBlockData,declare_process_block_class('HeatExchanger1D'),HeatExchanger1D,8,HX1DInitializer,HX1DScaler
idaes/models/unit_models/heat_exchanger_lc.py,31,HeatExchangerLumpedCapacitanceData,HeatExchangerLumpedCapacitanceData,HeatExchangerData,"declare_process_block_class('HeatExchangerLumpedCapacitance', doc='0D heat exchanger for transient simulations')",HeatExchangerLumpedCapacitance,7,,
idaes/models/unit_models/heat_exchanger_ntu.py,62,HXNTUInitializer,HXNTUInitializer,SingleControlVolumeUnitInitializer,,,2,,
idaes/models/unit_models/heat_exchanger_ntu.py,166,HeatExchangerNTUData,HeatExchangerNTUData,UnitModelBlockData,declare_process_block_class('HeatExchangerNTU'),HeatExchangerNTU,4,HXNTUInitializer,
idaes/models/unit_models/heater.py,40,HeaterScaler,HeaterScaler,CustomScalerBase,,,2,,
idaes/models/unit_models/heater.py,245,HeaterData,HeaterData,UnitModelBlockData,"declare_process_block_class('Heater', doc='Simple 0D heater/cooler model.')",Heater,2,,HeaterScaler
idaes/models/unit_models/mixer.py,66,MixingType,MixingType,Enum,,,0,,
idaes/models/unit_models/mixer.py,75,MomentumMixingType,MomentumMixingType,Enum,,,0,,
idaes/models/unit_models/mixer.py,86,MixerScaler,MixerScaler,ControlVolumeScalerBase,,,3,,
idaes/models/unit_models/mixer.py,182,MixerInitializer,MixerInitializer,ModularInitializerBase,,,1,,
idaes/models/unit_models/mixer.py,303,MixerData,MixerData,UnitModelBlockData,declare_process_block_class('Mixer'),Mixer,19,MixerInitializer,MixerScaler
idaes/models/unit_models/mscontactor.py,69,MSContactorScaler,MSContactorScaler,CustomScalerBase,,,3,,
idaes/models/unit_models/mscontactor.py,693,MSContactorInitializer,MSContactorInitializer,ModularInitializerBase,,,1,,
idaes/models/unit_models/mscontactor.py,972,MSContactorData,MSContactorData,UnitModelBlockData,declare_process_block_class('MSContactor'),MSContactor,12,MSContactorInitializer,MSContactorScaler
idaes/models/unit_models/pipe.py,38,PipeScaler,PipeScaler,CustomScalerBase,,,2,,
idaes/models/unit_models/pipe.py,97,PipeData,PipeData,UnitModelBlockData,declare_process_block_class('Pipe'),Pipe,2,,PipeScaler
idaes/models/unit_models/plug_flow_reactor.py,41,PFRScaler,PFRScaler,CustomScalerBase,,,2,,
idaes/models/unit_models/plug_flow_reactor.py,106,PFRData,PFRData,UnitModelBlockData,declare_process_block_class('PFR'),PFR,2,,PFRScaler
idaes/models/unit_models/pressure_changer.py,65,ThermodynamicAssumption,ThermodynamicAssumption,Enum,,,0,,
idaes/models/unit_models/pressure_changer.py,76,IsentropicPressureChangerInitializer,IsentropicPressureChangerInitializer,SingleControlVolumeUnitInitializer,,,1,,
idaes/models/unit_models/pressure_changer.py,255,IsentropicPerformanceCurveData,IsentropicPerformanceCurveData,ProcessBlockData,declare_process_block_class('IsentropicPerformanceCurve'),IsentropicPerformanceCurve,2,,
idaes/models/unit_models/pressure_changer.py,335,PressureChangerScaler,PressureChangerScaler,CustomScalerBase,,,2,,
idaes/models/unit_models/pressure_changer.py,438,PressureChangerData,PressureChangerData,UnitModelBlockData,declare_process_block_class('PressureChanger'),PressureChanger,11,,PressureChangerScaler
idaes/models/unit_models/pressure_changer.py,1445,TurbineData,TurbineData,PressureChangerData,"declare_process_block_class('Turbine', doc='Isentropic turbine model')",Turbine,0,IsentropicPressureChangerInitializer,
idaes/models/unit_models/pressure_changer.py,1461,CompressorData,CompressorData,PressureChangerData,"declare_process_block_class('Compressor', doc='Isentropic compressor model')",Compressor,0,IsentropicPressureChangerInitializer,
idaes/models/unit_models/pressure_changer.py,1475,PumpData,PumpData,PressureChangerData,"declare_process_block_class('Pump', doc='Pump model')",Pump,0,,
idaes/models/unit_models/product.py,42,ProductData,ProductData,UnitModelBlockData,declare_process_block_class('Product'),Product,3,ProductInitializer,ProductScaler
idaes/models/unit_models/separator.py,72,SplittingType,SplittingType,Enum,,,0,,
idaes/models/unit_models/separator.py,83,EnergySplittingType,EnergySplittingType,Enum,,,0,,
idaes/models/unit_models/separator.py,94,SeparatorScaler,SeparatorScaler,CustomScalerBase,,,2,,
idaes/models/unit_models/separator.py,324,SeparatorInitializer,SeparatorInitializer,ModularInitializerBase,,,1,,
idaes/models/unit_models/separator.py,637,SeparatorData,SeparatorData,UnitModelBlockData,declare_process_block_class('Separator'),Separator,19,SeparatorInitializer,SeparatorScaler
idaes/models/unit_models/shell_and_tube_1d.py,50,ShellAndTubeInitializer,ShellAndTubeInitializer,SingleControlVolumeUnitInitializer,,,2,,
idaes/models/unit_models/shell_and_tube_1d.py,153,ShellAndTube1DData,ShellAndTube1DData,HeatExchanger1DData,declare_process_block_class('ShellAndTube1D'),ShellAndTube1D,7,ShellAndTubeInitializer,
idaes/models/unit_models/skeleton_model.py,39,SkeletonUnitModelData,SkeletonUnitModelData,ProcessBlockData,declare_process_block_class('SkeletonUnitModel'),SkeletonUnitModel,5,BlockTriangularizationInitializer,
idaes/models/unit_models/solid_liquid/sl_separator.py,67,SLSeparatorScaler,SLSeparatorScaler,CustomScalerBase,,,2,,
idaes/models/unit_models/solid_liquid/sl_separator.py,122,SLSeparatorData,SLSeparatorData,UnitModelBlockData,declare_process_block_class('SLSeparator'),SLSeparator,4,BlockTriangularizationInitializer,SLSeparatorScaler
idaes/models/unit_models/solid_liquid/thickener.py,67,Thickener0DData,Thickener0DData,UnitModelBlockData,declare_process_block_class('Thickener0D'),Thickener0D,4,BlockTriangularizationInitializer,
idaes/models/unit_models/statejunction.py,39,StateJunctionData,StateJunctionData,UnitModelBlockData,declare_process_block_class('StateJunction'),StateJunction,2,StateJunctionInitializer,StateJunctionScaler
idaes/models/unit_models/stoichiometric_reactor.py,41,StoichiometricReactorScaler,StoichiometricReactorScaler,CustomScalerBase,,,2,,
idaes/models/unit_models/stoichiometric_reactor.py,83,StoichiometricReactorData,StoichiometricReactorData,UnitModelBlockData,declare_process_block_class('StoichiometricReactor'),StoichiometricReactor,2,,StoichiometricReactorScaler
idaes/models/unit_models/stream_scaler.py,52,StreamScalerData,StreamScalerData,UnitModelBlockData,declare_process_block_class('StreamScaler'),StreamScaler,5,StreamScalerInitializer,
idaes/models/unit_models/translator.py,37,TranslatorData,TranslatorData,UnitModelBlockData,declare_process_block_class('Translator'),Translator,2,BlockTriangularizationInitializer,
idaes/models/unit_models/valve.py,42,ValveFunctionType,ValveFunctionType,Enum,,,0,,
idaes/models/unit_models/valve.py,114,ValveData,ValveData,PressureChangerData,"declare_process_block_class('Valve', doc='Adiabatic valves')",Valve,4,,
idaes/models_extra/co2_capture_and_utilization/unit_models/membrane_1d.py,43,MembraneFlowPattern,MembraneFlowPattern,Enum,,,0,,
idaes/models_extra/co2_capture_and_utilization/unit_models/membrane_1d.py,54,Membrane1DData,Membrane1DData,UnitModelBlockData,declare_process_block_class('Membrane1D'),Membrane1D,4,,
idaes/models_extra/column_models/MEAsolvent_column.py,64,MEAColumnData,MEAColumnData,PackedColumnData,declare_process_block_class('MEAColumn'),MEAColumn,5,,
idaes/models_extra/column_models/condenser.py,60,CondenserType,CondenserType,Enum,,,0,,
idaes/models_extra/column_models/condenser.py,69,TemperatureSpec,TemperatureSpec,Enum,,,0,,
idaes/models_extra/column_models/condenser.py,79,CondenserData,CondenserData,UnitModelBlockData,declare_process_block_class('Condenser'),Condenser,5,,
idaes/models_extra/column_models/enhancement_factor_model_pseudo_second_order_explicit.py,36,PseudoSecondOrderExplicit,PseudoSecondOrderExplicit,object,,,2,,
idaes/models_extra/column_models/plate_heat_exchanger.py,73,PlateHeatExchangerData,PlateHeatExchangerData,HeatExchangerNTUData,deprecated('The Plate Heat Exchanger (PHE) model is known to be affected by issues causing it to fail to solve on certain platforms starting with Pyomo v6.7....;declare_process_block_class('PlateHeatExchanger'),PlateHeatExchanger,2,,
idaes/models_extra/column_models/properties/MEA_solvent.py,73,CpMolCO2,CpMolCO2,,,,1,,
idaes/models_extra/column_models/properties/MEA_solvent.py,91,CpMolSolvent,CpMolSolvent,,,,2,,
idaes/models_extra/column_models/properties/MEA_solvent.py,142,EnthMolCO2,EnthMolCO2,,,,2,,
idaes/models_extra/column_models/properties/MEA_solvent.py,156,EnthMolSolvent,EnthMolSolvent,,,,2,,
idaes/models_extra/column_models/properties/MEA_solvent.py,198,N2OAnalogy,N2OAnalogy,,,,2,,
idaes/models_extra/column_models/properties/MEA_solvent.py,263,PressureSatSolvent,PressureSatSolvent,,,,2,,
idaes/models_extra/column_models/properties/MEA_solvent.py,304,VolMolSolvent,VolMolSolvent,,,,2,,
idaes/models_extra/column_models/properties/MEA_solvent.py,343,VolMolMEA,VolMolMEA,,,,2,,
idaes/models_extra/column_models/properties/MEA_solvent.py,399,VolMolCO2,VolMolCO2,,,,2,,
idaes/models_extra/column_models/properties/MEA_solvent.py,439,DiffusCO2,DiffusCO2,,,,2,,
idaes/models_extra/column_models/properties/MEA_solvent.py,481,DiffusMEA,DiffusMEA,,,,2,,
idaes/models_extra/column_models/properties/MEA_solvent.py,514,DiffusIons,DiffusIons,,,,2,,
idaes/models_extra/column_models/properties/MEA_solvent.py,547,DiffusNone,DiffusNone,,,,2,,
idaes/models_extra/column_models/properties/MEA_solvent.py,558,Viscosity,Viscosity,,,,2,,
idaes/models_extra/column_models/properties/MEA_solvent.py,652,ThermalCond,ThermalCond,,,,2,,
idaes/models_extra/column_models/properties/MEA_solvent.py,685,SurfTens,SurfTens,,,,2,,
idaes/models_extra/column_models/properties/MEA_solvent.py,876,k_eq,k_eq,,,,4,,
idaes/models_extra/column_models/properties/MEA_vapor.py,56,Cp,Cp,,,,2,,
idaes/models_extra/column_models/properties/MEA_vapor.py,88,EnthMol,EnthMol,,,,2,,
idaes/models_extra/column_models/properties/MEA_vapor.py,108,Diffus,Diffus,,,,2,,
idaes/models_extra/column_models/properties/MEA_vapor.py,217,ThermalCond,ThermalCond,,,,2,,
idaes/models_extra/column_models/properties/MEA_vapor.py,336,Viscosity,Viscosity,,,,2,,
idaes/models_extra/column_models/reboiler.py,62,ReboilerData,ReboilerData,UnitModelBlockData,declare_process_block_class('Reboiler'),Reboiler,5,,
idaes/models_extra/column_models/solvent_column.py,59,PackedColumnData,PackedColumnData,UnitModelBlockData,declare_process_block_class('PackedColumn'),PackedColumn,4,,
idaes/models_extra/column_models/solvent_condenser.py,60,SolventCondenserData,SolventCondenserData,UnitModelBlockData,declare_process_block_class('SolventCondenser'),SolventCondenser,3,,
idaes/models_extra/column_models/solvent_reboiler.py,63,SolventReboilerInitializer,SolventReboilerInitializer,SingleControlVolumeUnitInitializer,,,2,,
idaes/models_extra/column_models/solvent_reboiler.py,193,SolventReboilerData,SolventReboilerData,UnitModelBlockData,declare_process_block_class('SolventReboiler'),SolventReboiler,3,SolventReboilerInitializer,
idaes/models_extra/column_models/tray.py,53,TrayData,TrayData,UnitModelBlockData,declare_process_block_class('Tray'),Tray,6,,
idaes/models_extra/column_models/tray_column.py,48,TrayColumnData,TrayColumnData,UnitModelBlockData,declare_process_block_class('TrayColumn'),TrayColumn,7,,
idaes/models_extra/gas_distribution/properties/natural_gas.py,54,NaturalGasParameterBlockData,NaturalGasParameterBlockData,PhysicalParameterBlock,declare_process_block_class('NaturalGasParameterBlock'),NaturalGasParameterBlock,2,,
idaes/models_extra/gas_distribution/properties/natural_gas.py,161,NaturalGasStateBlock,NaturalGasStateBlock,StateBlock,,,0,,
idaes/models_extra/gas_distribution/properties/natural_gas.py,176,NaturalGasStateBlockData,NaturalGasStateBlockData,StateBlockData,"declare_process_block_class('NaturalGasStateBlock', block_class=NaturalGasStateBlock)",NaturalGasStateBlock,21,,
idaes/models_extra/gas_distribution/unit_models/compressor.py,40,IsothermalCompressorData,IsothermalCompressorData,UnitModelBlockData,declare_process_block_class('IsothermalCompressor'),IsothermalCompressor,5,,
idaes/models_extra/gas_distribution/unit_models/node.py,40,PipelineNodeData,PipelineNodeData,UnitModelBlockData,declare_process_block_class('PipelineNode'),PipelineNode,23,,
idaes/models_extra/gas_distribution/unit_models/pipeline.py,65,GasPipelineData,GasPipelineData,UnitModelBlockData,declare_process_block_class('GasPipeline'),GasPipeline,9,,
idaes/models_extra/gas_solid_contactors/properties/methane_iron_OC_reduction/gas_phase_thermo.py,78,PhysicalParameterData,PhysicalParameterData,PhysicalParameterBlock,declare_process_block_class('GasPhaseParameterBlock'),GasPhaseParameterBlock,2,,
idaes/models_extra/gas_solid_contactors/properties/methane_iron_OC_reduction/gas_phase_thermo.py,390,_GasPhaseStateBlock,_GasPhaseStateBlock,StateBlock,,,2,,
idaes/models_extra/gas_solid_contactors/properties/methane_iron_OC_reduction/gas_phase_thermo.py,564,GasPhaseStateBlockData,GasPhaseStateBlockData,StateBlockData,"declare_process_block_class('GasPhaseStateBlock', block_class=_GasPhaseStateBlock)",GasPhaseStateBlock,24,,
idaes/models_extra/gas_solid_contactors/properties/methane_iron_OC_reduction/hetero_reactions.py,79,ReactionParameterData,ReactionParameterData,ReactionParameterBlock,declare_process_block_class('HeteroReactionParameterBlock'),HeteroReactionParameterBlock,2,,
idaes/models_extra/gas_solid_contactors/properties/methane_iron_OC_reduction/hetero_reactions.py,249,_ReactionBlock,_ReactionBlock,ReactionBlockBase,,,1,,
idaes/models_extra/gas_solid_contactors/properties/methane_iron_OC_reduction/hetero_reactions.py,361,ReactionBlockData,ReactionBlockData,ReactionBlockDataBase,"declare_process_block_class('ReactionBlock', block_class=_ReactionBlock)",ReactionBlock,8,,
idaes/models_extra/gas_solid_contactors/properties/methane_iron_OC_reduction/solid_phase_thermo.py,74,PhysicalParameterData,PhysicalParameterData,PhysicalParameterBlock,declare_process_block_class('SolidPhaseParameterBlock'),SolidPhaseParameterBlock,2,,
idaes/models_extra/gas_solid_contactors/properties/methane_iron_OC_reduction/solid_phase_thermo.py,333,_SolidPhaseStateBlock,_SolidPhaseStateBlock,StateBlock,,,2,,
idaes/models_extra/gas_solid_contactors/properties/methane_iron_OC_reduction/solid_phase_thermo.py,481,SolidPhaseStateBlockData,SolidPhaseStateBlockData,StateBlockData,"declare_process_block_class('SolidPhaseStateBlock', block_class=_SolidPhaseStateBlock)",SolidPhaseStateBlock,18,,
idaes/models_extra/gas_solid_contactors/properties/oxygen_iron_OC_oxidation/gas_phase_thermo.py,81,PhysicalParameterData,PhysicalParameterData,PhysicalParameterBlock,declare_process_block_class('GasPhaseParameterBlock'),GasPhaseParameterBlock,2,,
idaes/models_extra/gas_solid_contactors/properties/oxygen_iron_OC_oxidation/gas_phase_thermo.py,415,_GasPhaseStateBlock,_GasPhaseStateBlock,StateBlock,,,2,,
idaes/models_extra/gas_solid_contactors/properties/oxygen_iron_OC_oxidation/gas_phase_thermo.py,588,GasPhaseStateBlockData,GasPhaseStateBlockData,StateBlockData,"declare_process_block_class('GasPhaseStateBlock', block_class=_GasPhaseStateBlock)",GasPhaseStateBlock,24,,
idaes/models_extra/gas_solid_contactors/properties/oxygen_iron_OC_oxidation/hetero_reactions.py,79,ReactionParameterData,ReactionParameterData,ReactionParameterBlock,declare_process_block_class('HeteroReactionParameterBlock'),HeteroReactionParameterBlock,2,,
idaes/models_extra/gas_solid_contactors/properties/oxygen_iron_OC_oxidation/hetero_reactions.py,244,_ReactionBlock,_ReactionBlock,ReactionBlockBase,,,1,,
idaes/models_extra/gas_solid_contactors/properties/oxygen_iron_OC_oxidation/hetero_reactions.py,362,ReactionBlockData,ReactionBlockData,ReactionBlockDataBase,"declare_process_block_class('ReactionBlock', block_class=_ReactionBlock)",ReactionBlock,8,,
idaes/models_extra/gas_solid_contactors/properties/oxygen_iron_OC_oxidation/solid_phase_thermo.py,74,PhysicalParameterData,PhysicalParameterData,PhysicalParameterBlock,declare_process_block_class('SolidPhaseParameterBlock'),SolidPhaseParameterBlock,2,,
idaes/models_extra/gas_solid_contactors/properties/oxygen_iron_OC_oxidation/solid_phase_thermo.py,330,_SolidPhaseStateBlock,_SolidPhaseStateBlock,StateBlock,,,2,,
idaes/models_extra/gas_solid_contactors/properties/oxygen_iron_OC_oxidation/solid_phase_thermo.py,477,SolidPhaseStateBlockData,SolidPhaseStateBlockData,StateBlockData,"declare_process_block_class('SolidPhaseStateBlock', block_class=_SolidPhaseStateBlock)",SolidPhaseStateBlock,18,,
idaes/models_extra/gas_solid_contactors/unit_models/bubbling_fluidized_bed.py,87,BubblingFluidizedBedData,BubblingFluidizedBedData,UnitModelBlockData,declare_process_block_class('BubblingFluidizedBed'),BubblingFluidizedBed,8,,
idaes/models_extra/gas_solid_contactors/unit_models/fixed_bed_0D.py,51,FixedBed0DData,FixedBed0DData,UnitModelBlockData,declare_process_block_class('FixedBed0D'),FixedBed0D,3,,
idaes/models_extra/gas_solid_contactors/unit_models/fixed_bed_1D.py,82,FixedBed1DData,FixedBed1DData,UnitModelBlockData,declare_process_block_class('FixedBed1D'),FixedBed1D,8,,
idaes/models_extra/gas_solid_contactors/unit_models/moving_bed.py,91,MBRData,MBRData,UnitModelBlockData,declare_process_block_class('MBR'),MBR,7,,
idaes/models_extra/power_generation/costing/power_plant_capcost.py,112,QGESSCostingData,QGESSCostingData,FlowsheetCostingBlockData,declare_process_block_class('QGESSCosting'),QGESSCosting,18,,
idaes/models_extra/power_generation/costing/power_plant_costing.py,58,PowerPlantCostingData,PowerPlantCostingData,QGESSCostingData,declare_process_block_class('PowerPlantCosting'),PowerPlantCosting,4,,
idaes/models_extra/power_generation/properties/flue_gas_ideal.py,72,FlueGasParameterData,FlueGasParameterData,PhysicalParameterBlock,declare_process_block_class('FlueGasParameterBlock'),FlueGasParameterBlock,2,,
idaes/models_extra/power_generation/properties/flue_gas_ideal.py,449,_FlueGasStateBlock,_FlueGasStateBlock,StateBlock,,,2,,
idaes/models_extra/power_generation/properties/flue_gas_ideal.py,577,FlueGasStateBlockData,FlueGasStateBlockData,StateBlockData,"declare_process_block_class('FlueGasStateBlock', block_class=_FlueGasStateBlock)",FlueGasStateBlock,15,,
idaes/models_extra/power_generation/properties/natural_gas_PR.py,71,EosType,EosType,enum.Enum,,,0,,
idaes/models_extra/power_generation/unit_models/balance.py,219,BalanceBlockData,BalanceBlockData,UnitModelBlockData,"declare_process_block_class('BalanceBlock', doc='Mass/energy balance block.')",BalanceBlock,1,,
idaes/models_extra/power_generation/unit_models/boiler_fireside.py,103,BoilerFiresideData,BoilerFiresideData,UnitModelBlockData,declare_process_block_class('BoilerFireside'),BoilerFireside,9,,
idaes/models_extra/power_generation/unit_models/boiler_heat_exchanger.py,89,TubeArrangement,TubeArrangement,Enum,,,0,,
idaes/models_extra/power_generation/unit_models/boiler_heat_exchanger.py,95,BoilerHeatExchangerData,BoilerHeatExchangerData,HeatExchangerData,declare_process_block_class('BoilerHeatExchanger'),BoilerHeatExchanger,7,,
idaes/models_extra/power_generation/unit_models/boiler_heat_exchanger_2D.py,74,HeatExchangerCrossFlow2D_HeaderData,HeatExchangerCrossFlow2D_HeaderData,UnitModelBlockData,declare_process_block_class('HeatExchangerCrossFlow2D_Header'),HeatExchangerCrossFlow2D_Header,6,,
idaes/models_extra/power_generation/unit_models/cpu.py,64,CarbonProcessingUnitData,CarbonProcessingUnitData,UnitModelBlockData,declare_process_block_class('CarbonProcessingUnit'),CarbonProcessingUnit,6,,
idaes/models_extra/power_generation/unit_models/cross_flow_heat_exchanger_1D.py,54,CrossFlowHeatExchanger1DInitializer,CrossFlowHeatExchanger1DInitializer,SingleControlVolumeUnitInitializer,,,1,,
idaes/models_extra/power_generation/unit_models/cross_flow_heat_exchanger_1D.py,406,CrossFlowHeatExchanger1DData,CrossFlowHeatExchanger1DData,HeatExchanger1DData,declare_process_block_class('CrossFlowHeatExchanger1D'),CrossFlowHeatExchanger1D,8,CrossFlowHeatExchanger1DInitializer,
idaes/models_extra/power_generation/unit_models/downcomer.py,56,DowncomerData,DowncomerData,UnitModelBlockData,declare_process_block_class('Downcomer'),Downcomer,6,,
idaes/models_extra/power_generation/unit_models/drum.py,85,DrumData,DrumData,UnitModelBlockData,declare_process_block_class('Drum'),Drum,6,,
idaes/models_extra/power_generation/unit_models/drum1D.py,118,Drum1DData,Drum1DData,UnitModelBlockData,declare_process_block_class('Drum1D'),Drum1D,6,,
idaes/models_extra/power_generation/unit_models/feedwater_heater_0D.py,154,FWHCondensing0DData,FWHCondensing0DData,HeatExchangerData,"declare_process_block_class('FWHCondensing0D', doc='Feedwater Heater Condensing Section\nThe feedwater heater condensing section model is a normal 0D heat ex...",FWHCondensing0D,2,,
idaes/models_extra/power_generation/unit_models/feedwater_heater_0D.py,227,FWH0DData,FWH0DData,UnitModelBlockData,"declare_process_block_class('FWH0D', doc='Feedwater Heater Model\nThis is a 0D feedwater heater model. The model may contain three 0D heat\nexchanger models ...",FWH0D,2,,
idaes/models_extra/power_generation/unit_models/feedwater_heater_0D_dynamic.py,146,FWHCondensing0DData,FWHCondensing0DData,CondenserData,"declare_process_block_class('FWHCondensing0D', doc='Feedwater Heater Condensing Section\nThe feedwater heater condensing section model is a normal 0D heat ex...",FWHCondensing0D,2,,
idaes/models_extra/power_generation/unit_models/feedwater_heater_0D_dynamic.py,254,FWH0DDynamicData,FWH0DDynamicData,UnitModelBlockData,"declare_process_block_class('FWH0DDynamic', doc='Feedwater Heater Model\nThis is a 0D feedwater heater model. The model may contain three 0D heat\nexchanger ...",FWH0DDynamic,4,,
idaes/models_extra/power_generation/unit_models/heat_exchanger_3streams.py,42,HeatExchangerWith3StreamsData,HeatExchangerWith3StreamsData,UnitModelBlockData,declare_process_block_class('HeatExchangerWith3Streams'),HeatExchangerWith3Streams,9,,
idaes/models_extra/power_generation/unit_models/heater_1D.py,58,Heater1DInitializer,Heater1DInitializer,SingleControlVolumeUnitInitializer,,,1,,
idaes/models_extra/power_generation/unit_models/heater_1D.py,160,Heater1DData,Heater1DData,UnitModelBlockData,declare_process_block_class('Heater1D'),Heater1D,6,Heater1DInitializer,
idaes/models_extra/power_generation/unit_models/helm/compressor.py,54,HelmIsentropicCompressorData,HelmIsentropicCompressorData,BalanceBlockData,declare_process_block_class('HelmIsentropicCompressor'),HelmIsentropicCompressor,3,,
idaes/models_extra/power_generation/unit_models/helm/condenser_ntu.py,84,HelmNtuCondenserData,HelmNtuCondenserData,UnitModelBlockData,"declare_process_block_class('HelmNtuCondenser', doc='Simple 0D condenser model.')",HelmNtuCondenser,6,,
idaes/models_extra/power_generation/unit_models/helm/mixer.py,44,HelmMixerData,HelmMixerData,UnitModelBlockData,declare_process_block_class('HelmMixer'),HelmMixer,12,,
idaes/models_extra/power_generation/unit_models/helm/phase_separator.py,39,WaterFlashData,WaterFlashData,UnitModelBlockData,declare_process_block_class('HelmPhaseSeparator'),HelmPhaseSeparator,5,,
idaes/models_extra/power_generation/unit_models/helm/pump.py,52,HelmPumpData,HelmPumpData,BalanceBlockData,declare_process_block_class('HelmPump'),HelmPump,3,,
idaes/models_extra/power_generation/unit_models/helm/splitter.py,51,HelmSplitterData,HelmSplitterData,UnitModelBlockData,declare_process_block_class('HelmSplitter'),HelmSplitter,8,,
idaes/models_extra/power_generation/unit_models/helm/turbine.py,54,HelmIsentropicTurbineData,HelmIsentropicTurbineData,BalanceBlockData,declare_process_block_class('HelmIsentropicTurbine'),HelmIsentropicTurbine,4,,
idaes/models_extra/power_generation/unit_models/helm/turbine_inlet.py,43,HelmTurbineInletStageData,HelmTurbineInletStageData,HelmIsentropicTurbineData,"declare_process_block_class('HelmTurbineInletStage', doc='Inlet stage steam turbine model')",HelmTurbineInletStage,3,,
idaes/models_extra/power_generation/unit_models/helm/turbine_multistage.py,252,HelmTurbineMultistageData,HelmTurbineMultistageData,UnitModelBlockData,"declare_process_block_class('HelmTurbineMultistage', doc='Multistage steam turbine with optional reheat and extraction')",HelmTurbineMultistage,10,,
idaes/models_extra/power_generation/unit_models/helm/turbine_outlet.py,44,HelmTurbineOutletStageData,HelmTurbineOutletStageData,HelmIsentropicTurbineData,"declare_process_block_class('HelmTurbineOutletStage', doc='Outlet stage steam turbine model')",HelmTurbineOutletStage,3,,
idaes/models_extra/power_generation/unit_models/helm/turbine_stage.py,40,HelmTurbineStageData,HelmTurbineStageData,HelmIsentropicTurbineData,"declare_process_block_class('HelmTurbineStage', doc='Basic steam turbine model')",HelmTurbineStage,2,,
idaes/models_extra/power_generation/unit_models/helm/valve_steam.py,37,ValveFunctionType,ValveFunctionType,Enum,,,0,,
idaes/models_extra/power_generation/unit_models/helm/valve_steam.py,106,HelmValveData,HelmValveData,BalanceBlockData,declare_process_block_class('HelmValve'),HelmValve,4,,
idaes/models_extra/power_generation/unit_models/soc_submodels/channel.py,83,SocChannelData,SocChannelData,UnitModelBlockData,declare_process_block_class('SocChannel'),SocChannel,5,,
idaes/models_extra/power_generation/unit_models/soc_submodels/common.py,33,CV_Bound,CV_Bound,enum.Enum,,,0,,
idaes/models_extra/power_generation/unit_models/soc_submodels/common.py,214,_SubsetOf,_SubsetOf,object,,,3,,
idaes/models_extra/power_generation/unit_models/soc_submodels/conductive_slab.py,57,SocConductiveSlabData,SocConductiveSlabData,UnitModelBlockData,declare_process_block_class('SocConductiveSlab'),SocConductiveSlab,5,,
idaes/models_extra/power_generation/unit_models/soc_submodels/contact_resistor.py,53,SocContactResistorData,SocContactResistorData,UnitModelBlockData,declare_process_block_class('SocContactResistor'),SocContactResistor,4,,
idaes/models_extra/power_generation/unit_models/soc_submodels/porous_conductive_slab.py,84,PorousConductiveSlabData,PorousConductiveSlabData,UnitModelBlockData,declare_process_block_class('PorousConductiveSlab'),PorousConductiveSlab,5,,
idaes/models_extra/power_generation/unit_models/soc_submodels/solid_oxide_cell.py,141,SolidOxideCellData,SolidOxideCellData,UnitModelBlockData,declare_process_block_class('SolidOxideCell'),SolidOxideCell,5,,
idaes/models_extra/power_generation/unit_models/soc_submodels/solid_oxide_module_simple.py,65,SolidOxideModuleSimpleData,SolidOxideModuleSimpleData,UnitModelBlockData,declare_process_block_class('SolidOxideModuleSimple'),SolidOxideModuleSimple,4,,
idaes/models_extra/power_generation/unit_models/soc_submodels/triple_phase_boundary.py,77,SocTriplePhaseBoundaryData,SocTriplePhaseBoundaryData,UnitModelBlockData,declare_process_block_class('SocTriplePhaseBoundary'),SocTriplePhaseBoundary,4,,
idaes/models_extra/power_generation/unit_models/soec_design.py,46,SoecDesignData,SoecDesignData,UnitModelBlockData,"declare_process_block_class('SoecDesign', doc='Simple SOEC model for process design.')",SoecDesign,17,,
idaes/models_extra/power_generation/unit_models/steamheater.py,54,SteamHeaterData,SteamHeaterData,UnitModelBlockData,declare_process_block_class('SteamHeater'),SteamHeater,6,,
idaes/models_extra/power_generation/unit_models/waterpipe.py,54,WaterPipeData,WaterPipeData,UnitModelBlockData,declare_process_block_class('WaterPipe'),WaterPipe,6,,
idaes/models_extra/power_generation/unit_models/watertank.py,64,WaterTankData,WaterTankData,UnitModelBlockData,declare_process_block_class('WaterTank'),WaterTank,6,,
idaes/models_extra/power_generation/unit_models/waterwall_section.py,67,WaterwallSectionData,WaterwallSectionData,UnitModelBlockData,declare_process_block_class('WaterwallSection'),WaterwallSection,6,,
idaes/models_extra/temperature_swing_adsorption/fixed_bed_tsa0d.py,92,Adsorbent,Adsorbent,Enum,,,0,,
idaes/models_extra/temperature_swing_adsorption/fixed_bed_tsa0d.py,102,SteamCalculationType,SteamCalculationType,Enum,,,0,,
idaes/models_extra/temperature_swing_adsorption/fixed_bed_tsa0d.py,112,TransformationScheme,TransformationScheme,Enum,,,0,,
idaes/models_extra/temperature_swing_adsorption/fixed_bed_tsa0d.py,124,FixedBedTSA0DData,FixedBedTSA0DData,UnitModelBlockData,declare_process_block_class('FixedBedTSA0D'),FixedBedTSA0D,28,,
idaes/models_extra/temperature_swing_adsorption/initializer.py,47,FixedBedTSA0DInitializer,FixedBedTSA0DInitializer,ModularInitializerBase,,,5,,
