file,line,class,method,owner,message
idaes/apps/caprese/common/config.py,132,,get_ncp,get_ncp,NotImplementedError('%s discretization scheme is not supported' % scheme)
idaes/apps/caprese/dynamic_block.py,903,SquareSolveContext,__enter__,SquareSolveContext.__enter__,NotImplementedError('Unrecognized input option')
idaes/apps/caprese/nmpc_var.py,40,NmpcVar,__init__,NmpcVar.__init__,NotImplementedError('%s component must be indexed by at least one set.' % self.__class__)
idaes/apps/grid_integration/bidder.py,1374,ParametrizedBidder,compute_day_ahead_bids,ParametrizedBidder.compute_day_ahead_bids,NotImplementedError
idaes/apps/grid_integration/bidder.py,1384,ParametrizedBidder,compute_real_time_bids,ParametrizedBidder.compute_real_time_bids,NotImplementedError
idaes/apps/grid_integration/coordinator.py,442,DoubleLoopCoordinator,_update_static_params,DoubleLoopCoordinator._update_static_params,"NotImplementedError(""generator_type must be either 'thermal' or 'renewable'"")"
idaes/apps/grid_integration/pricetaker/price_taker_model.py,553,PriceTakerModel,update_operation_params,PriceTakerModel.update_operation_params,NotImplementedError('This method is not supported for num_representative_days > 1')
idaes/apps/grid_integration/pricetaker/price_taker_model.py,1369,PriceTakerModel,plot_lmp_histogram,PriceTakerModel.plot_lmp_histogram,NotImplementedError('LMP histograms are not supported currently')
idaes/apps/matopt/materials/bblock.py,22,BBlock,__eq__,BBlock.__eq__,NotImplementedError
idaes/apps/matopt/materials/bblock.py,26,BBlock,__le__,BBlock.__le__,NotImplementedError
idaes/apps/matopt/materials/geometry.py,162,Shape,isInShape,Shape.isInShape,NotImplementedError
idaes/apps/matopt/materials/geometry.py,169,Shape,getBounds,Shape.getBounds,NotImplementedError
idaes/apps/matopt/materials/lattices/diamond_lattice.py,252,DiamondLattice,getLayerSpacing,DiamondLattice.getLayerSpacing,NotImplementedError('DiamondLattice.getLayerSpacing: Input direction is not supported.')
idaes/apps/matopt/materials/lattices/diamond_lattice.py,266,DiamondLattice,getShellSpacing,DiamondLattice.getShellSpacing,NotImplementedError('DiamondLattice.getShellSpacing: Input direction is not supported.')
idaes/apps/matopt/materials/lattices/diamond_lattice.py,282,DiamondLattice,getUniqueLayerCount,DiamondLattice.getUniqueLayerCount,NotImplementedError('DiamondLattice.getUniqueLayerCount: Input direction is not supported.')
idaes/apps/matopt/materials/lattices/lattice.py,81,Lattice,isOnLattice,Lattice.isOnLattice,NotImplementedError
idaes/apps/matopt/materials/lattices/lattice.py,85,Lattice,areNeighbors,Lattice.areNeighbors,NotImplementedError
idaes/apps/matopt/materials/lattices/lattice.py,89,Lattice,getNeighbors,Lattice.getNeighbors,NotImplementedError
idaes/apps/matopt/materials/lattices/perovskite_lattice.py,73,PerovskiteLattice,areNeighbors,PerovskiteLattice.areNeighbors,NotImplementedError('PerovskiteLattice: there is no universal definition of nearest neighbors.')
idaes/apps/matopt/materials/lattices/unit_cell_lattice.py,116,UnitCellLattice,areNeighbors,UnitCellLattice.areNeighbors,NotImplementedError
idaes/apps/matopt/materials/lattices/unit_cell_lattice.py,120,UnitCellLattice,getNeighbors,UnitCellLattice.getNeighbors,NotImplementedError
idaes/apps/matopt/materials/lattices/wurtzite_lattice.py,195,WurtziteLattice,getLayerSpacing,WurtziteLattice.getLayerSpacing,NotImplementedError('WurtziteLattice.getLayerSpacing: Input direction is not supported.')
idaes/apps/matopt/materials/lattices/wurtzite_lattice.py,207,WurtziteLattice,getShellSpacing,WurtziteLattice.getShellSpacing,NotImplementedError('WurtziteLattice.getShellSpacing: Input direction is not supported.')
idaes/apps/matopt/materials/lattices/wurtzite_lattice.py,219,WurtziteLattice,getUniqueLayerCount,WurtziteLattice.getUniqueLayerCount,NotImplementedError('WurtziteLattice.getUniqueLayerCount: Input direction is not supported.')
idaes/apps/matopt/materials/tiling.py,38,Tiling,transformInsideTile,Tiling.transformInsideTile,NotImplementedError
idaes/apps/matopt/materials/tiling.py,61,Tiling,replicateDesign,Tiling.replicateDesign,NotImplementedError
idaes/apps/matopt/materials/transform_func.py,37,TransformFunc,transform,TransformFunc.transform,NotImplementedError
idaes/apps/matopt/materials/transform_func.py,49,TransformFunc,undo,TransformFunc.undo,NotImplementedError
idaes/apps/matopt/opt/mat_modeling.py,293,IndexedElem,keys,IndexedElem.keys,NotImplementedError('There should always be at least a [None] key')
idaes/apps/matopt/opt/mat_modeling.py,372,Expr,_pyomo_expr,Expr._pyomo_expr,NotImplementedError
idaes/apps/matopt/opt/mat_modeling.py,516,SiteCombination,_pyomo_expr,SiteCombination._pyomo_expr,NotImplementedError('Decide how to split the extra indices in this case...')
idaes/apps/matopt/opt/mat_modeling.py,1293,DescriptorRule,_pyomo_cons,DescriptorRule._pyomo_cons,NotImplementedError
idaes/apps/matopt/opt/mat_modeling.py,1867,ImpliesSiteCombination,__init__,ImpliesSiteCombination.__init__,"NotImplementedError('Additional indexes are not supported, please contact MatOpt developer for possible feature addition')"
idaes/apps/matopt/opt/mat_modeling.py,2909,MatOptModel,populate,MatOptModel.populate,NotImplementedError('Decide what to do in this case...')
idaes/apps/matopt/opt/mat_modeling.py,3021,MatOptModel,__solve_pyomo_model,MatOptModel.__solve_pyomo_model,"NotImplementedError('MatOpt is tailored to perform best with CPLEX (locally or through NEOS), please contact MatOpt developer for additional solver support ')"
idaes/apps/matopt/opt/pyomo_modeling.py,78,,getLB,getLB,NotImplementedError('Unsupported expression type for lower bound calculation. Please check getLB() function in pyomo_modeling.py for supported types.')
idaes/apps/matopt/opt/pyomo_modeling.py,128,,getUB,getUB,NotImplementedError('Unsupported expression type for upper bound calculation. Please check getUB() function in pyomo_modeling.py for supported types.')
idaes/apps/matopt/opt/pyomo_modeling.py,361,,addConsForGeneralVars,addConsForGeneralVars,NotImplementedError('Ci lacks a proper way to be defined. User should define MaterialDescriptor Ci explicitly using valid DescriptorRule')
idaes/apps/matopt/opt/pyomo_modeling.py,379,,addConsForGeneralVars,addConsForGeneralVars,NotImplementedError('Xij lacks a proper way to be defined. User should define MaterialDescriptor Xij explicitly using valid DescriptorRule')
idaes/apps/matopt/opt/pyomo_modeling.py,791,,setDesignFromModel,setDesignFromModel,NotImplementedError('User should define MaterialDescriptor Yi or Yik explicitly using valid DescriptorRule')
idaes/core/base/components.py,473,IonData,_add_to_electrolyte_component_list,IonData._add_to_electrolyte_component_list,"NotImplementedError('{} The IonData component class is intended as a base class for the AnionData and CationData classes, and should not be used directly'.fo..."
idaes/core/base/control_volume1d.py,2426,ControlVolume1DBlockData,report,ControlVolume1DBlockData.report,"NotImplementedError('\n Due to the difficulty in presenting spatially distributed data\n in a clean format, ControlVolume1D does not currently support\n the ..."
idaes/core/base/control_volume_base.py,125,ControlVolumeScalerBase,_get_reference_state_block,ControlVolumeScalerBase._get_reference_state_block,NotImplementedError('This method is intended to be overridden by other scaler objects inheriting from it.')
idaes/core/base/control_volume_base.py,1118,ControlVolumeBlockData,add_geometry,ControlVolumeBlockData.add_geometry,NotImplementedError('{} control volume class has not implemented a method for add_geometry. Please contact the developer of the ControlVolume class you are u...
idaes/core/base/control_volume_base.py,1341,ControlVolumeBlockData,add_state_blocks,ControlVolumeBlockData.add_state_blocks,NotImplementedError('{} control volume class has not implemented a method for add_state_blocks. Please contact the developer of the ControlVolume class you a...
idaes/core/base/control_volume_base.py,1353,ControlVolumeBlockData,add_reaction_blocks,ControlVolumeBlockData.add_reaction_blocks,NotImplementedError('{} control volume class has not implemented a method for add_reaction_blocks. Please contact the developer of the ControlVolume class yo...
idaes/core/base/control_volume_base.py,1368,ControlVolumeBlockData,add_phase_component_balances,ControlVolumeBlockData.add_phase_component_balances,NotImplementedError('{} control volume class has not implemented a method for add_phase_component_material_balances. Please contact the developer of the Cont...
idaes/core/base/control_volume_base.py,1381,ControlVolumeBlockData,add_total_component_balances,ControlVolumeBlockData.add_total_component_balances,NotImplementedError('{} control volume class has not implemented a method for add_total_component_material_balances. Please contact the developer of the Cont...
idaes/core/base/control_volume_base.py,1394,ControlVolumeBlockData,add_total_element_balances,ControlVolumeBlockData.add_total_element_balances,NotImplementedError('{} control volume class has not implemented a method for add_total_element_material_balances. Please contact the developer of the Contro...
idaes/core/base/control_volume_base.py,1407,ControlVolumeBlockData,add_total_material_balances,ControlVolumeBlockData.add_total_material_balances,NotImplementedError('{} control volume class has not implemented a method for add_total_material_balances. Please contact the developer of the ControlVolume ...
idaes/core/base/control_volume_base.py,1420,ControlVolumeBlockData,add_phase_enthalpy_balances,ControlVolumeBlockData.add_phase_enthalpy_balances,NotImplementedError('{} control volume class has not implemented a method for add_phase_enthalpy_balances. Please contact the developer of the ControlVolume ...
idaes/core/base/control_volume_base.py,1433,ControlVolumeBlockData,add_total_enthalpy_balances,ControlVolumeBlockData.add_total_enthalpy_balances,NotImplementedError('{} control volume class has not implemented a method for add_total_enthalpy_balances. Please contact the developer of the ControlVolume ...
idaes/core/base/control_volume_base.py,1446,ControlVolumeBlockData,add_phase_energy_balances,ControlVolumeBlockData.add_phase_energy_balances,NotImplementedError('{} control volume class has not implemented a method for add_phase_energy_balances. Please contact the developer of the ControlVolume cl...
idaes/core/base/control_volume_base.py,1459,ControlVolumeBlockData,add_total_energy_balances,ControlVolumeBlockData.add_total_energy_balances,NotImplementedError('{} control volume class has not implemented a method for add_total_energy_balances. Please contact the developer of the ControlVolume cl...
idaes/core/base/control_volume_base.py,1471,ControlVolumeBlockData,add_isothermal_constraint,ControlVolumeBlockData.add_isothermal_constraint,NotImplementedError(f'{self.name} control volume class has not implemented a method for add_isothermal_constraint. Please contact the developer of the Contro...
idaes/core/base/control_volume_base.py,1484,ControlVolumeBlockData,add_phase_pressure_balances,ControlVolumeBlockData.add_phase_pressure_balances,NotImplementedError('{} control volume class has not implemented a method for add_phase_pressure_balances. Please contact the developer of the ControlVolume ...
idaes/core/base/control_volume_base.py,1496,ControlVolumeBlockData,add_total_pressure_balances,ControlVolumeBlockData.add_total_pressure_balances,NotImplementedError('{} control volume class has not implemented a method for add_total_pressure_balances. Please contact the developer of the ControlVolume ...
idaes/core/base/control_volume_base.py,1509,ControlVolumeBlockData,add_phase_momentum_balances,ControlVolumeBlockData.add_phase_momentum_balances,NotImplementedError('{} control volume class has not implemented a method for add_phase_momentum_balances. Please contact the developer of the ControlVolume ...
idaes/core/base/control_volume_base.py,1521,ControlVolumeBlockData,add_total_momentum_balances,ControlVolumeBlockData.add_total_momentum_balances,NotImplementedError('{} control volume class has not implemented a method for add_total_momentum_balances. Please contact the developer of the ControlVolume ...
idaes/core/base/costing_base.py,261,FlowsheetCostingBlockData,build_global_params,FlowsheetCostingBlockData.build_global_params,NotImplementedError('Derived class has not defined a build_global_params method.')
idaes/core/base/costing_base.py,278,FlowsheetCostingBlockData,build_process_costs,FlowsheetCostingBlockData.build_process_costs,NotImplementedError('Derived class has not defined a build_process_costs method.')
idaes/core/base/costing_base.py,289,FlowsheetCostingBlockData,initialize_build,FlowsheetCostingBlockData.initialize_build,NotImplementedError('Derived class has not defined an initialize_build method.')
idaes/core/base/property_base.py,354,StateBlock,fix_initialization_states,StateBlock.fix_initialization_states,NotImplementedError
idaes/core/base/property_base.py,368,StateBlock,initialize,StateBlock.initialize,NotImplementedError('{} property package has not implemented an initialize method. Please contact the property package developer'.format(self.name))
idaes/core/base/property_base.py,672,StateBlockData,define_state_vars,StateBlockData.define_state_vars,NotImplementedError(f'{self.name} property package has not implemented the define_state_vars method. Please contact the property package developer.')
idaes/core/base/property_base.py,698,StateBlockData,get_material_flow_terms,StateBlockData.get_material_flow_terms,NotImplementedError('{} property package has not implemented the get_material_flow_terms method. Please contact the property package developer.')
idaes/core/base/property_base.py,709,StateBlockData,get_material_density_terms,StateBlockData.get_material_density_terms,NotImplementedError('{} property package has not implemented the get_material_density_terms method. Please contact the property package developer.')
idaes/core/base/property_base.py,720,StateBlockData,get_material_diffusion_terms,StateBlockData.get_material_diffusion_terms,NotImplementedError('{} property package has not implemented the get_material_diffusion_terms method. Please contact the property package developer.')
idaes/core/base/property_base.py,732,StateBlockData,get_enthalpy_flow_terms,StateBlockData.get_enthalpy_flow_terms,NotImplementedError('{} property package has not implemented the get_enthalpy_flow_terms method. Please contact the property package developer.')
idaes/core/base/property_base.py,743,StateBlockData,get_energy_density_terms,StateBlockData.get_energy_density_terms,NotImplementedError('{} property package has not implemented the get_energy_density_terms method. Please contact the property package developer.')
idaes/core/base/property_base.py,754,StateBlockData,get_energy_diffusion_terms,StateBlockData.get_energy_diffusion_terms,NotImplementedError('{} property package has not implemented the get_energy_diffusion_terms method. Please contact the property package developer.')
idaes/core/base/property_base.py,773,StateBlockData,calculate_bubble_point_temperature,StateBlockData.calculate_bubble_point_temperature,NotImplementedError('{} property package has not implemented the calculate_bubble_point_temperature method. Please contact the property package developer.')
idaes/core/base/property_base.py,785,StateBlockData,calculate_dew_point_temperature,StateBlockData.calculate_dew_point_temperature,NotImplementedError('{} property package has not implemented the calculate_dew_point_temperature method. Please contact the property package developer.')
idaes/core/base/property_base.py,797,StateBlockData,calculate_bubble_point_pressure,StateBlockData.calculate_bubble_point_pressure,NotImplementedError('{} property package has not implemented the calculate_bubble_point_pressure method. Please contact the property package developer.')
idaes/core/base/property_base.py,809,StateBlockData,calculate_dew_point_pressure,StateBlockData.calculate_dew_point_pressure,NotImplementedError('{} property package has not implemented the calculate_dew_point_pressure method. Please contact the property package developer.')
idaes/core/base/property_meta.py,111,HasPropertyClassMetadata,define_metadata,HasPropertyClassMetadata.define_metadata,NotImplementedError()
idaes/core/base/reaction_base.py,239,ReactionBlockBase,initialize,ReactionBlockBase.initialize,NotImplementedError('{} reaction package has not implemented the initialize method. Please contact the reaction package developer'.format(self.name))
idaes/core/base/reaction_base.py,246,ReactionBlockBase,report,ReactionBlockBase.report,NotImplementedError('The current Reaction Package has not implemented a report\n method. Please contact the package developer about this.')
idaes/core/initialization/initializer_base.py,324,InitializerBase,initialization_routine,InitializerBase.initialization_routine,NotImplementedError()
idaes/core/scaling/arc_constraint_scaler.py,46,ArcConstraintScaler,scale_model,ArcConstraintScaler.scale_model,NotImplementedError('The scale_model method is not implemented for the ArcConstraintScaler. Use one of the scale_arc_constraints methods instead.')
idaes/core/scaling/custom_scaler_base.py,182,CustomScalerBase,variable_scaling_routine,CustomScalerBase.variable_scaling_routine,NotImplementedError('Custom Scaler has not implemented a variable_scaling_routine method.')
idaes/core/scaling/custom_scaler_base.py,202,CustomScalerBase,constraint_scaling_routine,CustomScalerBase.constraint_scaling_routine,NotImplementedError('Custom Scaler has not implemented a constraint_scaling_routine method.')
idaes/core/solvers/petsc.py,203,PetscTAO,__init__,PetscTAO.__init__,NotImplementedError('The PETSc TAO interface has not yet been implemented')
idaes/core/solvers/petsc.py,268,,find_discretization_equations,find_discretization_equations,NotImplementedError(f'IDAES presently does not support PETSc for second order or higher derivatives like {var.name} that are differentiated at least once wit...
idaes/core/surrogate/base/surrogate_base.py,198,SurrogateTrainer,train_surrogate,SurrogateTrainer.train_surrogate,"NotImplementedError('train_surrogate called, but not implemented on the derived class')"
idaes/core/surrogate/base/surrogate_base.py,308,SurrogateBase,populate_block,SurrogateBase.populate_block,NotImplementedError('SurrogateModel class has not implemented populate_block method.')
idaes/core/surrogate/base/surrogate_base.py,330,SurrogateBase,evaluate_surrogate,SurrogateBase.evaluate_surrogate,NotImplementedError('SurrogateModel class has not implemented an evaluate_surrogate method.')
idaes/core/surrogate/base/surrogate_base.py,364,SurrogateBase,save,SurrogateBase.save,"NotImplementedError('""save"" should be implemented in the class derived from SurrogateBase')"
idaes/core/surrogate/base/surrogate_base.py,396,SurrogateBase,load,SurrogateBase.load,"NotImplementedError('""load"" should be implemented in the class derived from SurrogateBase')"
idaes/core/surrogate/omlt_base_surrogate_class.py,85,OMLTSurrogate,__init__,OMLTSurrogate.__init__,NotImplementedError('KerasSurrogate only supports the OffsetScaler.')
idaes/core/surrogate/onnx_surrogate.py,157,ONNXSurrogate,evaluate_surrogate,ONNXSurrogate.evaluate_surrogate,NotImplementedError
idaes/core/surrogate/pysmo_surrogate.py,202,PysmoTrainer,_create_model,PysmoTrainer._create_model,NotImplementedError('Sub-class fail to implement overload ``_create_model`` method.')
idaes/core/util/convergence/convergence_base.py,202,ConvergenceEvaluation,get_specification,ConvergenceEvaluation.get_specification,NotImplementedError('Not implemented in the base class. This should be overridden in the derived class')
idaes/core/util/convergence/convergence_base.py,219,ConvergenceEvaluation,get_initialized_model,ConvergenceEvaluation.get_initialized_model,NotImplementedError('Not implemented in the base class. This should be overridden in the derived class')
idaes/core/util/diagnostics_tools/convergence_analysis.py,115,IpoptConvergenceAnalysis,__init__,IpoptConvergenceAnalysis.__init__,"NotImplementedError('Model contains Greybox models, which are not supported by Diagnostics toolbox at the moment')"
idaes/core/util/diagnostics_tools/degeneracy_hunter.py,130,DegeneracyHunter,__init__,DegeneracyHunter.__init__,"NotImplementedError('Model contains Greybox models, which are not supported by Diagnostics toolbox at the moment')"
idaes/core/util/diagnostics_tools/deprecated/degeneracy_hunter_legacy.py,106,DegeneracyHunter,__init__,DegeneracyHunter.__init__,NotImplementedError('Degeneracy Hunter currently only supports analyzing a Pyomo model')
idaes/core/util/diagnostics_tools/diagnostics_toolbox.py,304,DiagnosticsToolbox,__init__,DiagnosticsToolbox.__init__,"NotImplementedError('Model contains Greybox models, which are not supported by Diagnostics toolbox at the moment')"
idaes/core/util/diagnostics_tools/diagnostics_toolbox.py,1646,DiagnosticsToolbox,report_structural_issues,DiagnosticsToolbox.report_structural_issues,"NotImplementedError('Model contains Greybox models, which are not supported by Diagnostics toolbox at the moment')"
idaes/core/util/diagnostics_tools/svd_toolbox.py,188,SVDToolbox,__init__,SVDToolbox.__init__,"NotImplementedError('Model contains Greybox models, which are not supported by Diagnostics toolbox at the moment')"
idaes/core/util/initialization.py,330,,initialize_by_time_element,initialize_by_time_element,NotImplementedError('Initialization does not support collocation with Legendre roots')
idaes/core/util/initialization.py,337,,initialize_by_time_element,initialize_by_time_element,NotImplementedError('Forward initialization (explicit Euler) has not yet been implemented')
idaes/core/util/initialization.py,341,,initialize_by_time_element,initialize_by_time_element,NotImplementedError('Initialization does not support central finite difference')
idaes/core/util/parameter_sweep.py,457,ParameterSweepBase,execute_parameter_sweep,ParameterSweepBase.execute_parameter_sweep,NotImplementedError('Derived classes should overload this method with a workflow manager.')
idaes/core/util/performance.py,98,PerformanceBaseClass,build_model,PerformanceBaseClass.build_model,NotImplementedError('Test class has not implemented a build_model method.')
idaes/core/util/performance.py,113,PerformanceBaseClass,initialize_model,PerformanceBaseClass.initialize_model,NotImplementedError('Test class has not implemented an initialize_model method.')
idaes/core/util/testing.py,366,StateTestBlockData,default_material_balance_type,StateTestBlockData.default_material_balance_type,NotImplementedError
idaes/core/util/testing.py,372,StateTestBlockData,default_energy_balance_type,StateTestBlockData.default_energy_balance_type,NotImplementedError
idaes/models/properties/general_helmholtz/helmholtz_state.py,131,HelmholtzEoSScaler,variable_scaling_routine,HelmholtzEoSScaler.variable_scaling_routine,NotImplementedError(f'Scaling has been not been implemented for the AmountBasis {model.amount_basis}.')
idaes/models/properties/modular_properties/eos/ceos.py,1100,,_N_dZ_dNj,_N_dZ_dNj,NotImplementedError('Block {} called for a property that is not supported by this choice of mixing rules.'.format(blk.name))
idaes/models/properties/modular_properties/eos/ceos.py,1196,,_log_fug_coeff_phase_comp,_log_fug_coeff_phase_comp,NotImplementedError('Block {} called for a property that is not supported by this choice of mixing rules.'.format(blk.name))
idaes/models/properties/modular_properties/eos/ceos.py,1247,,_d_log_fug_coeff_dT_phase_comp,_d_log_fug_coeff_dT_phase_comp,NotImplementedError('Block {} called for a property that is not supported by this choice of mixing rules.'.format(blk.name))
idaes/models/properties/modular_properties/eos/eos_base.py,44,EoSBase,common,EoSBase.common,"NotImplementedError(_msg(b, 'common'))"
idaes/models/properties/modular_properties/eos/eos_base.py,48,EoSBase,calculate_scaling_factors,EoSBase.calculate_scaling_factors,"NotImplementedError(_msg(b, 'calculate_scaling_factors'))"
idaes/models/properties/modular_properties/eos/eos_base.py,52,EoSBase,build_parameters,EoSBase.build_parameters,"NotImplementedError(_msg(b, 'build_parameters'))"
idaes/models/properties/modular_properties/eos/eos_base.py,60,EoSBase,build_critical_properties,EoSBase.build_critical_properties,"NotImplementedError(_msg(b, 'build_critical_properties'))"
idaes/models/properties/modular_properties/eos/eos_base.py,72,EoSBase,list_critical_property_constraint_names,EoSBase.list_critical_property_constraint_names,NotImplementedError('Equation of State module has not implemented a method for list_critical_property_constraint_names. Please contact the EoS developer or u...
idaes/models/properties/modular_properties/eos/eos_base.py,104,EoSBase,act_phase_comp,EoSBase.act_phase_comp,"NotImplementedError(_msg(b, 'act_phase_comp'))"
idaes/models/properties/modular_properties/eos/eos_base.py,108,EoSBase,act_phase_comp_true,EoSBase.act_phase_comp_true,"NotImplementedError(_msg(b, 'act_phase_comp_true'))"
idaes/models/properties/modular_properties/eos/eos_base.py,112,EoSBase,act_phase_comp_appr,EoSBase.act_phase_comp_appr,"NotImplementedError(_msg(b, 'act_phase_comp_appr'))"
idaes/models/properties/modular_properties/eos/eos_base.py,116,EoSBase,act_coeff_phase_comp,EoSBase.act_coeff_phase_comp,"NotImplementedError(_msg(b, 'act_coeff_phase_comp'))"
idaes/models/properties/modular_properties/eos/eos_base.py,120,EoSBase,act_coeff_phase_comp_true,EoSBase.act_coeff_phase_comp_true,"NotImplementedError(_msg(b, 'act_coeff_phase_comp_true'))"
idaes/models/properties/modular_properties/eos/eos_base.py,124,EoSBase,act_coeff_phase_comp_appr,EoSBase.act_coeff_phase_comp_appr,"NotImplementedError(_msg(b, 'act_coeff_phase_comp_appr'))"
idaes/models/properties/modular_properties/eos/eos_base.py,128,EoSBase,cp_mol_phase,EoSBase.cp_mol_phase,"NotImplementedError(_msg(b, 'cp_mol_phase'))"
idaes/models/properties/modular_properties/eos/eos_base.py,132,EoSBase,cp_mol_phase_comp,EoSBase.cp_mol_phase_comp,"NotImplementedError(_msg(b, 'cp_mol_phase_comp'))"
idaes/models/properties/modular_properties/eos/eos_base.py,136,EoSBase,cv_mol_phase,EoSBase.cv_mol_phase,"NotImplementedError(_msg(b, 'cv_mol_phase'))"
idaes/models/properties/modular_properties/eos/eos_base.py,140,EoSBase,cv_mol_phase_comp,EoSBase.cv_mol_phase_comp,"NotImplementedError(_msg(b, 'cv_mol_phase_comp'))"
idaes/models/properties/modular_properties/eos/eos_base.py,166,EoSBase,dens_mass_phase,EoSBase.dens_mass_phase,"NotImplementedError(_msg(b, 'dens_mass_phase'))"
idaes/models/properties/modular_properties/eos/eos_base.py,170,EoSBase,dens_mol_phase,EoSBase.dens_mol_phase,"NotImplementedError(_msg(b, 'dens_mol_phase'))"
idaes/models/properties/modular_properties/eos/eos_base.py,174,EoSBase,energy_internal_mol_phase,EoSBase.energy_internal_mol_phase,"NotImplementedError(_msg(b, 'energy_internal_mol_phase'))"
idaes/models/properties/modular_properties/eos/eos_base.py,178,EoSBase,energy_internal_mol_phase_comp,EoSBase.energy_internal_mol_phase_comp,"NotImplementedError(_msg(b, 'energy_internal_mol_phase_comp'))"
idaes/models/properties/modular_properties/eos/eos_base.py,261,EoSBase,enth_mol_phase,EoSBase.enth_mol_phase,"NotImplementedError(_msg(b, 'enth_mol_phase'))"
idaes/models/properties/modular_properties/eos/eos_base.py,265,EoSBase,enth_mol_phase_comp,EoSBase.enth_mol_phase_comp,"NotImplementedError(_msg(b, 'enth_mol_phase_comp'))"
idaes/models/properties/modular_properties/eos/eos_base.py,269,EoSBase,entr_mol_phase,EoSBase.entr_mol_phase,"NotImplementedError(_msg(b, 'entr_mol_phase'))"
idaes/models/properties/modular_properties/eos/eos_base.py,273,EoSBase,entr_mol_phase_comp,EoSBase.entr_mol_phase_comp,"NotImplementedError(_msg(b, 'entr_mol_phase_comp'))"
idaes/models/properties/modular_properties/eos/eos_base.py,277,EoSBase,fug_phase_comp,EoSBase.fug_phase_comp,"NotImplementedError(_msg(b, 'fug_phase_comp'))"
idaes/models/properties/modular_properties/eos/eos_base.py,281,EoSBase,fug_phase_comp_eq,EoSBase.fug_phase_comp_eq,"NotImplementedError(_msg(b, 'fug_phase_comp_eq'))"
idaes/models/properties/modular_properties/eos/eos_base.py,285,EoSBase,log_fug_phase_comp_eq,EoSBase.log_fug_phase_comp_eq,"NotImplementedError(_msg(b, 'log_fug_phase_comp_eq'))"
idaes/models/properties/modular_properties/eos/eos_base.py,289,EoSBase,fug_coeff_phase_comp,EoSBase.fug_coeff_phase_comp,"NotImplementedError(_msg(b, 'fug_coeff_phase_comp'))"
idaes/models/properties/modular_properties/eos/eos_base.py,293,EoSBase,fug_coeff_phase_comp_eq,EoSBase.fug_coeff_phase_comp_eq,"NotImplementedError(_msg(b, 'fug_coeff_phase_comp_eq'))"
idaes/models/properties/modular_properties/eos/eos_base.py,297,EoSBase,fug_phase_comp_Tbub,EoSBase.fug_phase_comp_Tbub,"NotImplementedError(_msg(b, 'fug_phase_comp_Tbub'))"
idaes/models/properties/modular_properties/eos/eos_base.py,301,EoSBase,fug_phase_comp_Tdew,EoSBase.fug_phase_comp_Tdew,"NotImplementedError(_msg(b, 'fug_phase_comp_Tdew'))"
idaes/models/properties/modular_properties/eos/eos_base.py,305,EoSBase,fug_phase_comp_Pbub,EoSBase.fug_phase_comp_Pbub,"NotImplementedError(_msg(b, 'fug_phase_comp_Pbub'))"
idaes/models/properties/modular_properties/eos/eos_base.py,309,EoSBase,fug_phase_comp_Pdew,EoSBase.fug_phase_comp_Pdew,"NotImplementedError(_msg(b, 'fug_phase_comp_Pdew'))"
idaes/models/properties/modular_properties/eos/eos_base.py,313,EoSBase,gibbs_mol_phase,EoSBase.gibbs_mol_phase,"NotImplementedError(_msg(b, 'gibbs_mol_phase'))"
idaes/models/properties/modular_properties/eos/eos_base.py,317,EoSBase,gibbs_mol_phase_comp,EoSBase.gibbs_mol_phase_comp,"NotImplementedError(_msg(b, 'gibbs_mol_phase_comp'))"
idaes/models/properties/modular_properties/eos/eos_base.py,321,EoSBase,isentropic_speed_sound_phase,EoSBase.isentropic_speed_sound_phase,"NotImplementedError(_msg(b, 'isentropic_speed_sound_phase'))"
idaes/models/properties/modular_properties/eos/eos_base.py,325,EoSBase,isothermal_speed_sound_phase,EoSBase.isothermal_speed_sound_phase,"NotImplementedError(_msg(b, 'isothermal_speed_sound_phase'))"
idaes/models/properties/modular_properties/eos/eos_base.py,328,EoSBase,pressure_osm_phase,EoSBase.pressure_osm_phase,"NotImplementedError(_msg(b, 'pressure_osm_phase'))"
idaes/models/properties/modular_properties/eos/eos_base.py,332,EoSBase,vol_mol_phase,EoSBase.vol_mol_phase,"NotImplementedError(_msg(b, 'vol_mol_phase'))"
idaes/models/properties/modular_properties/eos/eos_base.py,336,EoSBase,vol_mol_phase_comp,EoSBase.vol_mol_phase_comp,"NotImplementedError(_msg(b, 'vol_mol_phase_comp'))"
idaes/models/unit_models/mscontactor.py,1683,MSContactorData,initialize,MSContactorData.initialize,NotImplementedError('The MSContactor unit model does not support the old initialization API. Please use the new API (InitializerObjects) instead.')
idaes/models/unit_models/separator.py,1455,SeparatorData,add_momentum_splitting_constraints,SeparatorData.add_momentum_splitting_constraints,NotImplementedError(f'Separators do not yet support momentum balances of type {self.config.momentum_balance_type}')
idaes/models/unit_models/solid_liquid/sl_separator.py,327,SLSeparatorData,initialize,SLSeparatorData.initialize,NotImplementedError('The SLSeparator unit model does not support the old initialization API. Please use the new API (InitializerObjects) instead.')
idaes/models/unit_models/solid_liquid/thickener.py,542,Thickener0DData,initialize,Thickener0DData.initialize,NotImplementedError('The Thickener0D unit model does not support the old initialization API. Please use the new API (InitializerObjects) instead.')
idaes/models_extra/power_generation/unit_models/cross_flow_heat_exchanger_1D.py,103,CrossFlowHeatExchanger1DInitializer,initialize_main_model,CrossFlowHeatExchanger1DInitializer.initialize_main_model,"NotImplementedError('Presently, initialization of the CrossFlowHeatExchanger1D requires temperature to be a state variable of both hot side and cold side pro..."
idaes/models_extra/power_generation/unit_models/cross_flow_heat_exchanger_1D.py,475,CrossFlowHeatExchanger1DData,build,CrossFlowHeatExchanger1DData.build,NotImplementedError('Pressure change is not implemented for Lagrange-Legendre collocation.')
idaes/models_extra/power_generation/unit_models/helm/turbine_multistage.py,833,HelmTurbineMultistageData,_get_stream_table_contents,HelmTurbineMultistageData._get_stream_table_contents,NotImplementedError('The multi-stage turbine model has not implemented the code necessary to construct a stream table.')
idaes/models_extra/power_generation/unit_models/soc_submodels/conductive_slab.py,326,SocConductiveSlabData,initialize_build,SocConductiveSlabData.initialize_build,NotImplementedError('Initialization for the conductive_slab unit model is not implemented because there is no obvious set of boundary conditions to fix durin...
