file,marker,count
idaes/apps/caprese/tests/test_categorize.py,unit,5
idaes/apps/caprese/tests/test_categorize_cstr.py,unit,5
idaes/apps/caprese/tests/test_controller.py,component,3
idaes/apps/caprese/tests/test_controller.py,skipif,3
idaes/apps/caprese/tests/test_controller.py,unit,5
idaes/apps/caprese/tests/test_dynamic_block.py,component,3
idaes/apps/caprese/tests/test_dynamic_block.py,skipif,2
idaes/apps/caprese/tests/test_dynamic_block.py,unit,25
idaes/apps/caprese/tests/test_nmpc_var.py,unit,3
idaes/apps/caprese/tests/test_rolling.py,unit,14
idaes/apps/caprese/tests/test_simple_model.py,unit,1
idaes/apps/caprese/tests/test_util.py,component,2
idaes/apps/caprese/tests/test_util.py,skipif,1
idaes/apps/caprese/tests/test_util.py,unit,6
idaes/apps/grid_integration/multiperiod/tests/test_multiperiod.py,unit,15
idaes/apps/grid_integration/pricetaker/tests/test_clustering.py,skipif,8
idaes/apps/grid_integration/pricetaker/tests/test_clustering.py,unit,12
idaes/apps/grid_integration/pricetaker/tests/test_design_and_operation_models.py,unit,16
idaes/apps/grid_integration/pricetaker/tests/test_price_taker_model.py,skipif,12
idaes/apps/grid_integration/pricetaker/tests/test_price_taker_model.py,unit,41
idaes/apps/grid_integration/pricetaker/tests/test_unit_commitment.py,unit,9
idaes/apps/grid_integration/tests/test_PEM_Parameterized_bidder.py,component,2
idaes/apps/grid_integration/tests/test_PEM_Parameterized_bidder.py,skipif,2
idaes/apps/grid_integration/tests/test_PEM_Parameterized_bidder.py,unit,1
idaes/apps/grid_integration/tests/test_backcaster.py,parametrize,2
idaes/apps/grid_integration/tests/test_backcaster.py,unit,16
idaes/apps/grid_integration/tests/test_bidder.py,component,3
idaes/apps/grid_integration/tests/test_bidder.py,skipif,3
idaes/apps/grid_integration/tests/test_bidder.py,unit,4
idaes/apps/grid_integration/tests/test_coordinator.py,unit,2
idaes/apps/grid_integration/tests/test_integration.py,integration,1
idaes/apps/grid_integration/tests/test_integration.py,unit,2
idaes/apps/grid_integration/tests/test_model_data.py,parametrize,6
idaes/apps/grid_integration/tests/test_model_data.py,unit,16
idaes/apps/grid_integration/tests/test_perfectforecaster.py,component,1
idaes/apps/grid_integration/tests/test_perfectforecaster.py,parametrize,1
idaes/apps/grid_integration/tests/test_perfectforecaster.py,unit,6
idaes/apps/grid_integration/tests/test_tracker.py,component,2
idaes/apps/grid_integration/tests/test_tracker.py,skipif,1
idaes/apps/grid_integration/tests/test_tracker.py,unit,4
idaes/apps/matopt/tests/test_matopt_expression_bounds.py,unit,2
idaes/apps/matopt/tests/test_matopt_objects_construction.py,unit,34
idaes/apps/matopt/tests/test_matopt_objects_functionality.py,unit,4
idaes/apps/matopt/tests/test_matopt_smoke.py,unit,1
idaes/apps/nmpc/dynamic_data/tests/test_interval_data.py,unit,3
idaes/apps/nmpc/tests/test_cost_expressions.py,unit,1
idaes/apps/uncertainty_propagation/tests/test_uncertainties.py,component,4
idaes/apps/uncertainty_propagation/tests/test_uncertainties.py,integration,2
idaes/apps/uncertainty_propagation/tests/test_uncertainties.py,skipif,3
idaes/apps/uncertainty_propagation/tests/test_uncertainties.py,unit,6
idaes/apps/uncertainty_propagation/tests/test_uncertainties.py,xfail,1
idaes/commands/tests/test_commands.py,integration,6
idaes/commands/tests/test_commands.py,parametrize,1
idaes/commands/tests/test_commands.py,skipif,1
idaes/commands/tests/test_commands.py,unit,7
idaes/commands/util/tests/test_download_bin.py,parametrize,4
idaes/commands/util/tests/test_download_bin.py,unit,18
idaes/conftest.py,linux,1
idaes/conftest.py,nowin32,1
idaes/core/base/tests/test_components.py,unit,65
idaes/core/base/tests/test_control_volume_0d.py,unit,113
idaes/core/base/tests/test_control_volume_0d_legacy_scaling.py,unit,6
idaes/core/base/tests/test_control_volume_0d_scaler_object.py,unit,5
idaes/core/base/tests/test_control_volume_1d.py,unit,139
idaes/core/base/tests/test_control_volume_1d_legacy_scaling.py,unit,6
idaes/core/base/tests/test_control_volume_1d_scaler_object.py,unit,11
idaes/core/base/tests/test_control_volume_base.py,unit,41
idaes/core/base/tests/test_costing_base.py,unit,33
idaes/core/base/tests/test_extended_control_volume_0d.py,unit,7
idaes/core/base/tests/test_extended_control_volume_1d.py,unit,7
idaes/core/base/tests/test_flowsheet_model.py,filterwarnings,1
idaes/core/base/tests/test_flowsheet_model.py,unit,36
idaes/core/base/tests/test_phases.py,unit,12
idaes/core/base/tests/test_process_base.py,unit,11
idaes/core/base/tests/test_process_block.py,unit,6
idaes/core/base/tests/test_property_base.py,unit,31
idaes/core/base/tests/test_property_meta.py,parametrize,1
idaes/core/base/tests/test_property_meta.py,unit,18
idaes/core/base/tests/test_property_set.py,unit,38
idaes/core/base/tests/test_reaction_base.py,unit,24
idaes/core/base/tests/test_unit_model.py,unit,36
idaes/core/base/tests/test_var_like_expression.py,unit,2
idaes/core/initialization/tests/test_block_triangularization.py,component,4
idaes/core/initialization/tests/test_block_triangularization.py,unit,1
idaes/core/initialization/tests/test_general_hierarchical.py,unit,11
idaes/core/initialization/tests/test_initialize_from_data.py,component,1
idaes/core/initialization/tests/test_initialize_from_data.py,unit,1
idaes/core/initialization/tests/test_initializer_base.py,unit,45
idaes/core/plugins/tests/test_eq_elim.py,unit,6
idaes/core/plugins/tests/test_replace_vars.py,unit,11
idaes/core/scaling/tests/test_arc_constraint_scaler.py,parametrize,1
idaes/core/scaling/tests/test_arc_constraint_scaler.py,unit,4
idaes/core/scaling/tests/test_autoscaling.py,unit,24
idaes/core/scaling/tests/test_custom_scaler_base.py,unit,61
idaes/core/scaling/tests/test_custom_scaling_integration.py,integration,12
idaes/core/scaling/tests/test_nominal_value_walker.py,component,1
idaes/core/scaling/tests/test_nominal_value_walker.py,skipif,3
idaes/core/scaling/tests/test_nominal_value_walker.py,unit,103
idaes/core/scaling/tests/test_scaling_base.py,unit,12
idaes/core/scaling/tests/test_scaling_profiler.py,integration,2
idaes/core/scaling/tests/test_scaling_profiler.py,unit,10
idaes/core/scaling/tests/test_util.py,skipif,1
idaes/core/scaling/tests/test_util.py,unit,101
idaes/core/solvers/tests/test_have_pynumero.py,unit,2
idaes/core/solvers/tests/test_homotopy.py,skipif,13
idaes/core/solvers/tests/test_homotopy.py,unit,30
idaes/core/solvers/tests/test_petsc.py,skipif,24
idaes/core/solvers/tests/test_petsc.py,unit,27
idaes/core/solvers/tests/test_petsc_pid.py,integration,1
idaes/core/solvers/tests/test_petsc_pid.py,skipif,1
idaes/core/solvers/tests/test_solver_config.py,skipif,3
idaes/core/solvers/tests/test_solver_config.py,unit,3
idaes/core/solvers/tests/test_solvers.py,parametrize,1
idaes/core/solvers/tests/test_solvers.py,skip,2
idaes/core/solvers/tests/test_solvers.py,skipif,13
idaes/core/solvers/tests/test_solvers.py,unit,25
idaes/core/solvers/tests/test_solvers.py,usefixtures,1
idaes/core/surrogate/base/tests/test_surrogate_base.py,unit,28
idaes/core/surrogate/plotting/tests/test_alamo_plotting.py,unit,8
idaes/core/surrogate/pysmo/tests/test_kriging.py,filterwarnings,4
idaes/core/surrogate/pysmo/tests/test_kriging.py,parametrize,33
idaes/core/surrogate/pysmo/tests/test_kriging.py,unit,33
idaes/core/surrogate/pysmo/tests/test_kriging.py,usefixtures,1
idaes/core/surrogate/pysmo/tests/test_polynomial_regression.py,parametrize,162
idaes/core/surrogate/pysmo/tests/test_polynomial_regression.py,unit,101
idaes/core/surrogate/pysmo/tests/test_polynomial_regression.py,usefixtures,1
idaes/core/surrogate/pysmo/tests/test_radial_basis_function.py,filterwarnings,2
idaes/core/surrogate/pysmo/tests/test_radial_basis_function.py,parametrize,73
idaes/core/surrogate/pysmo/tests/test_radial_basis_function.py,unit,83
idaes/core/surrogate/pysmo/tests/test_radial_basis_function.py,usefixtures,1
idaes/core/surrogate/pysmo/tests/test_sampling.py,integration,3
idaes/core/surrogate/pysmo/tests/test_sampling.py,parametrize,203
idaes/core/surrogate/pysmo/tests/test_sampling.py,unit,266
idaes/core/surrogate/pysmo/tests/test_sampling_modified.py,component,2
idaes/core/surrogate/pysmo/tests/test_sampling_modified.py,unit,167
idaes/core/surrogate/pysmo/tests/test_utils.py,unit,2
idaes/core/surrogate/sampling/tests/test_data_utils.py,unit,2
idaes/core/surrogate/sampling/tests/test_scaling.py,unit,3
idaes/core/surrogate/tests/test_alamopy.py,component,2
idaes/core/surrogate/tests/test_alamopy.py,integration,2
idaes/core/surrogate/tests/test_alamopy.py,skipif,4
idaes/core/surrogate/tests/test_alamopy.py,unit,35
idaes/core/surrogate/tests/test_keras_surrogate.py,skipif,5
idaes/core/surrogate/tests/test_keras_surrogate.py,unit,8
idaes/core/surrogate/tests/test_metrics.py,unit,1
idaes/core/surrogate/tests/test_onnx_surrogate.py,parametrize,1
idaes/core/surrogate/tests/test_onnx_surrogate.py,skipif,2
idaes/core/surrogate/tests/test_onnx_surrogate.py,unit,3
idaes/core/surrogate/tests/test_pysmo_surrogate.py,integration,3
idaes/core/surrogate/tests/test_pysmo_surrogate.py,parametrize,1
idaes/core/surrogate/tests/test_pysmo_surrogate.py,unit,101
idaes/core/surrogate/tests/test_surrogate_block.py,unit,24
idaes/core/util/convergence/tests/test_convergence.py,skipif,2
idaes/core/util/convergence/tests/test_convergence.py,unit,11
idaes/core/util/diagnostics_tools/deprecated/tests/test_degeneracy_hunter_legacy.py,skipif,13
idaes/core/util/diagnostics_tools/deprecated/tests/test_degeneracy_hunter_legacy.py,unit,11
idaes/core/util/diagnostics_tools/tests/test_bounds.py,unit,10
idaes/core/util/diagnostics_tools/tests/test_constraint_term_analysis.py,component,1
idaes/core/util/diagnostics_tools/tests/test_constraint_term_analysis.py,parametrize,4
idaes/core/util/diagnostics_tools/tests/test_constraint_term_analysis.py,skipif,2
idaes/core/util/diagnostics_tools/tests/test_constraint_term_analysis.py,unit,54
idaes/core/util/diagnostics_tools/tests/test_convergence_analysis.py,component,5
idaes/core/util/diagnostics_tools/tests/test_convergence_analysis.py,integration,5
idaes/core/util/diagnostics_tools/tests/test_convergence_analysis.py,solver,7
idaes/core/util/diagnostics_tools/tests/test_convergence_analysis.py,unit,16
idaes/core/util/diagnostics_tools/tests/test_degeneracy_hunter.py,component,6
idaes/core/util/diagnostics_tools/tests/test_degeneracy_hunter.py,skipif,1
idaes/core/util/diagnostics_tools/tests/test_degeneracy_hunter.py,solver,5
idaes/core/util/diagnostics_tools/tests/test_degeneracy_hunter.py,unit,6
idaes/core/util/diagnostics_tools/tests/test_diagnostics_toolbox.py,component,45
idaes/core/util/diagnostics_tools/tests/test_diagnostics_toolbox.py,integration,2
idaes/core/util/diagnostics_tools/tests/test_diagnostics_toolbox.py,skipif,2
idaes/core/util/diagnostics_tools/tests/test_diagnostics_toolbox.py,solver,1
idaes/core/util/diagnostics_tools/tests/test_diagnostics_toolbox.py,unit,1
idaes/core/util/diagnostics_tools/tests/test_diagnostics_toolbox_with_none_values.py,unit,4
idaes/core/util/diagnostics_tools/tests/test_evaluation_error.py,unit,50
idaes/core/util/diagnostics_tools/tests/test_evaluation_error_integration.py,unit,12
idaes/core/util/diagnostics_tools/tests/test_ill_conditioning.py,component,3
idaes/core/util/diagnostics_tools/tests/test_ill_conditioning.py,solver,3
idaes/core/util/diagnostics_tools/tests/test_ill_conditioning.py,unit,2
idaes/core/util/diagnostics_tools/tests/test_infeasibility_explanation_integration.py,component,1
idaes/core/util/diagnostics_tools/tests/test_infeasibility_explanation_integration.py,solver,1
idaes/core/util/diagnostics_tools/tests/test_ipopt_halt_on_error.py,component,1
idaes/core/util/diagnostics_tools/tests/test_svd_toolbox.py,component,1
idaes/core/util/diagnostics_tools/tests/test_svd_toolbox.py,skipif,1
idaes/core/util/diagnostics_tools/tests/test_svd_toolbox.py,unit,17
idaes/core/util/diagnostics_tools/tests/test_utils.py,unit,13
idaes/core/util/diagnostics_tools/tests/test_writer_utils.py,unit,4
idaes/core/util/structfs/tests/test_fsrunner.py,unit,8
idaes/core/util/structfs/tests/test_logutil.py,unit,1
idaes/core/util/structfs/tests/test_runner.py,unit,11
idaes/core/util/structfs/tests/test_runner_actions.py,component,1
idaes/core/util/structfs/tests/test_runner_actions.py,unit,6
idaes/core/util/tests/test_config.py,unit,16
idaes/core/util/tests/test_dyn_utils.py,unit,8
idaes/core/util/tests/test_env_info.py,unit,1
idaes/core/util/tests/test_exceptions.py,unit,8
idaes/core/util/tests/test_initialization.py,integration,1
idaes/core/util/tests/test_initialization.py,skipif,3
idaes/core/util/tests/test_initialization.py,unit,22
idaes/core/util/tests/test_math.py,unit,15
idaes/core/util/tests/test_misc.py,parametrize,2
idaes/core/util/tests/test_misc.py,unit,6
idaes/core/util/tests/test_model_diagnostics.py,unit,2
idaes/core/util/tests/test_model_serializer.py,unit,21
idaes/core/util/tests/test_model_statistics.py,unit,74
idaes/core/util/tests/test_parameter_sweep.py,component,10
idaes/core/util/tests/test_parameter_sweep.py,integration,4
idaes/core/util/tests/test_parameter_sweep.py,solver,3
idaes/core/util/tests/test_parameter_sweep.py,unit,43
idaes/core/util/tests/test_phase_equilibria.py,component,3
idaes/core/util/tests/test_phase_equilibria.py,skipif,2
idaes/core/util/tests/test_phase_equilibria.py,unit,1
idaes/core/util/tests/test_pid_initialization.py,component,1
idaes/core/util/tests/test_pid_initialization.py,skipif,1
idaes/core/util/tests/test_scaling.py,component,1
idaes/core/util/tests/test_scaling.py,integration,1
idaes/core/util/tests/test_scaling.py,skipif,4
idaes/core/util/tests/test_scaling.py,unit,172
idaes/core/util/tests/test_scip_for_testing.py,unit,1
idaes/core/util/tests/test_tables.py,unit,20
idaes/core/util/tests/test_tags.py,unit,14
idaes/core/util/tests/test_testing.py,unit,22
idaes/core/util/tests/test_units_of_measurement.py,unit,10
idaes/core/util/tests/test_utility_minimization.py,skipif,2
idaes/core/util/tests/test_utility_minimization.py,solver,2
idaes/core/util/tests/test_utility_minimization.py,unit,6
idaes/models/control/tests/test_antiwindup.py,component,3
idaes/models/control/tests/test_antiwindup.py,skipif,3
idaes/models/control/tests/test_controller.py,component,6
idaes/models/control/tests/test_controller.py,unit,12
idaes/models/control/tests/test_pid_pump.py,integration,1
idaes/models/control/tests/test_pid_pump.py,skipif,1
idaes/models/control/tests/test_steam_tank_pressure.py,integration,4
idaes/models/control/tests/test_steam_tank_pressure.py,skipif,4
idaes/models/costing/tests/test_QGESS.py,component,3
idaes/models/costing/tests/test_QGESS.py,parametrize,5
idaes/models/costing/tests/test_QGESS.py,unit,52
idaes/models/costing/tests/test_SSLW.py,component,13
idaes/models/costing/tests/test_SSLW.py,integration,1
idaes/models/costing/tests/test_SSLW.py,parametrize,29
idaes/models/costing/tests/test_SSLW.py,skipif,2
idaes/models/flowsheets/tests/test_demo_flowsheet.py,integration,1
idaes/models/flowsheets/tests/test_demo_flowsheet.py,unit,5
idaes/models/properties/activity_coeff_models/tests/test_ideal_NRTL.py,integration,1
idaes/models/properties/activity_coeff_models/tests/test_ideal_NRTL.py,unit,4
idaes/models/properties/activity_coeff_models/tests/test_ideal_Wilson.py,integration,1
idaes/models/properties/activity_coeff_models/tests/test_ideal_Wilson.py,unit,4
idaes/models/properties/activity_coeff_models/tests/test_ideal_ideal_FTPz.py,component,30
idaes/models/properties/activity_coeff_models/tests/test_ideal_ideal_FTPz.py,skipif,18
idaes/models/properties/activity_coeff_models/tests/test_ideal_ideal_FTPz.py,unit,12
idaes/models/properties/activity_coeff_models/tests/test_ideal_ideal_FcTP.py,component,30
idaes/models/properties/activity_coeff_models/tests/test_ideal_ideal_FcTP.py,skipif,18
idaes/models/properties/activity_coeff_models/tests/test_ideal_ideal_FcTP.py,unit,12
idaes/models/properties/examples/tests/test_saponification_reaction.py,unit,11
idaes/models/properties/examples/tests/test_saponification_thermo.py,component,2
idaes/models/properties/examples/tests/test_saponification_thermo.py,unit,25
idaes/models/properties/general_helmholtz/tests/test_functions_unit.py,skipif,17
idaes/models/properties/general_helmholtz/tests/test_functions_unit.py,unit,19
idaes/models/properties/general_helmholtz/tests/test_parameter_util.py,unit,10
idaes/models/properties/general_helmholtz/tests/test_register.py,unit,7
idaes/models/properties/general_helmholtz/tests/test_stateblock.py,unit,5
idaes/models/properties/general_helmholtz/tests/test_with_harness.py,skipif,24
idaes/models/properties/general_helmholtz/tests/test_with_heater.py,integration,11
idaes/models/properties/general_helmholtz/tests/test_with_heater.py,skipif,11
idaes/models/properties/interrogator/tests/test_properties_interrogator.py,component,2
idaes/models/properties/interrogator/tests/test_properties_interrogator.py,unit,26
idaes/models/properties/interrogator/tests/test_reactions_interrogator.py,component,2
idaes/models/properties/interrogator/tests/test_reactions_interrogator.py,unit,16
idaes/models/properties/modular_properties/base/tests/test_electrolyte_components.py,unit,4
idaes/models/properties/modular_properties/base/tests/test_generic_property.py,integration,1
idaes/models/properties/modular_properties/base/tests/test_generic_property.py,unit,72
idaes/models/properties/modular_properties/base/tests/test_generic_property_integration.py,component,4
idaes/models/properties/modular_properties/base/tests/test_generic_property_integration.py,unit,1
idaes/models/properties/modular_properties/base/tests/test_generic_reaction.py,unit,23
idaes/models/properties/modular_properties/base/tests/test_modular_properties_scaler.py,parametrize,20
idaes/models/properties/modular_properties/base/tests/test_modular_properties_scaler.py,unit,9
idaes/models/properties/modular_properties/base/tests/test_noncondense.py,component,6
idaes/models/properties/modular_properties/base/tests/test_noncondense.py,skipif,16
idaes/models/properties/modular_properties/base/tests/test_noncondense.py,solver,6
idaes/models/properties/modular_properties/base/tests/test_noncondense.py,ui,2
idaes/models/properties/modular_properties/base/tests/test_noncondense.py,unit,5
idaes/models/properties/modular_properties/base/tests/test_noncondense_PR.py,component,6
idaes/models/properties/modular_properties/base/tests/test_noncondense_PR.py,skipif,16
idaes/models/properties/modular_properties/base/tests/test_noncondense_PR.py,solver,6
idaes/models/properties/modular_properties/base/tests/test_noncondense_PR.py,ui,2
idaes/models/properties/modular_properties/base/tests/test_noncondense_PR.py,unit,5
idaes/models/properties/modular_properties/base/tests/test_nonvap.py,component,6
idaes/models/properties/modular_properties/base/tests/test_nonvap.py,skipif,6
idaes/models/properties/modular_properties/base/tests/test_nonvap.py,solver,6
idaes/models/properties/modular_properties/base/tests/test_nonvap.py,ui,2
idaes/models/properties/modular_properties/base/tests/test_nonvap.py,unit,5
idaes/models/properties/modular_properties/base/tests/test_nonvap_PR.py,component,6
idaes/models/properties/modular_properties/base/tests/test_nonvap_PR.py,skipif,16
idaes/models/properties/modular_properties/base/tests/test_nonvap_PR.py,solver,6
idaes/models/properties/modular_properties/base/tests/test_nonvap_PR.py,ui,2
idaes/models/properties/modular_properties/base/tests/test_nonvap_PR.py,unit,5
idaes/models/properties/modular_properties/base/tests/test_utility.py,unit,49
idaes/models/properties/modular_properties/base/tests/test_vle.py,component,3
idaes/models/properties/modular_properties/base/tests/test_vle.py,unit,16
idaes/models/properties/modular_properties/coolprop/tests/test_coolprop_forms.py,unit,9
idaes/models/properties/modular_properties/coolprop/tests/test_coolprop_wrapper.py,integration,4
idaes/models/properties/modular_properties/coolprop/tests/test_coolprop_wrapper.py,unit,19
idaes/models/properties/modular_properties/eos/tests/test_ceos_PR.py,component,4
idaes/models/properties/modular_properties/eos/tests/test_ceos_PR.py,skipif,21
idaes/models/properties/modular_properties/eos/tests/test_ceos_PR.py,solver,2
idaes/models/properties/modular_properties/eos/tests/test_ceos_PR.py,unit,26
idaes/models/properties/modular_properties/eos/tests/test_cubic_root.py,skipif,1
idaes/models/properties/modular_properties/eos/tests/test_cubic_root.py,unit,2
idaes/models/properties/modular_properties/eos/tests/test_enrtl.py,unit,12
idaes/models/properties/modular_properties/eos/tests/test_ideal.py,unit,79
idaes/models/properties/modular_properties/examples/reactions/tests/test_reaction_example.py,skipif,3
idaes/models/properties/modular_properties/examples/reactions/tests/test_reaction_example.py,solver,3
idaes/models/properties/modular_properties/examples/reactions/tests/test_reaction_example.py,ui,1
idaes/models/properties/modular_properties/examples/reactions/tests/test_reaction_example.py,unit,7
idaes/models/properties/modular_properties/examples/tests/test_ASU_PR.py,component,3
idaes/models/properties/modular_properties/examples/tests/test_ASU_PR.py,skipif,2
idaes/models/properties/modular_properties/examples/tests/test_ASU_PR.py,unit,6
idaes/models/properties/modular_properties/examples/tests/test_ASU_PR_Dowling_2015.py,component,5
idaes/models/properties/modular_properties/examples/tests/test_ASU_PR_Dowling_2015.py,skipif,2
idaes/models/properties/modular_properties/examples/tests/test_ASU_PR_Dowling_2015.py,unit,6
idaes/models/properties/modular_properties/examples/tests/test_BTIdeal.py,component,6
idaes/models/properties/modular_properties/examples/tests/test_BTIdeal.py,skipif,6
idaes/models/properties/modular_properties/examples/tests/test_BTIdeal.py,ui,2
idaes/models/properties/modular_properties/examples/tests/test_BTIdeal.py,unit,15
idaes/models/properties/modular_properties/examples/tests/test_BTIdeal_FPhx.py,component,6
idaes/models/properties/modular_properties/examples/tests/test_BTIdeal_FPhx.py,skipif,6
idaes/models/properties/modular_properties/examples/tests/test_BTIdeal_FPhx.py,ui,2
idaes/models/properties/modular_properties/examples/tests/test_BTIdeal_FPhx.py,unit,15
idaes/models/properties/modular_properties/examples/tests/test_BTIdeal_FcPh.py,component,6
idaes/models/properties/modular_properties/examples/tests/test_BTIdeal_FcPh.py,unit,15
idaes/models/properties/modular_properties/examples/tests/test_BTIdeal_FcTP.py,component,6
idaes/models/properties/modular_properties/examples/tests/test_BTIdeal_FcTP.py,unit,15
idaes/models/properties/modular_properties/examples/tests/test_BTIdeal_FpTPxpc.py,build,1
idaes/models/properties/modular_properties/examples/tests/test_BTIdeal_FpTPxpc.py,component,5
idaes/models/properties/modular_properties/examples/tests/test_BTIdeal_FpTPxpc.py,skipif,4
idaes/models/properties/modular_properties/examples/tests/test_BTIdeal_FpTPxpc.py,solver,4
idaes/models/properties/modular_properties/examples/tests/test_BTIdeal_FpTPxpc.py,ui,1
idaes/models/properties/modular_properties/examples/tests/test_BTIdeal_FpTPxpc.py,unit,3
idaes/models/properties/modular_properties/examples/tests/test_BT_PR.py,component,12
idaes/models/properties/modular_properties/examples/tests/test_BT_PR.py,integration,4
idaes/models/properties/modular_properties/examples/tests/test_BT_PR.py,skipif,3
idaes/models/properties/modular_properties/examples/tests/test_BT_PR_legacy_SmoothVLE.py,component,7
idaes/models/properties/modular_properties/examples/tests/test_BT_PR_legacy_SmoothVLE.py,integration,2
idaes/models/properties/modular_properties/examples/tests/test_BT_PR_legacy_SmoothVLE.py,skipif,2
idaes/models/properties/modular_properties/examples/tests/test_CO2_H2O_Ideal_VLE.py,component,3
idaes/models/properties/modular_properties/examples/tests/test_CO2_H2O_Ideal_VLE.py,integration,1
idaes/models/properties/modular_properties/examples/tests/test_CO2_H2O_Ideal_VLE.py,unit,7
idaes/models/properties/modular_properties/examples/tests/test_CO2_bmimPF6_PR.py,component,3
idaes/models/properties/modular_properties/examples/tests/test_CO2_bmimPF6_PR.py,skipif,3
idaes/models/properties/modular_properties/examples/tests/test_CO2_bmimPF6_PR.py,ui,3
idaes/models/properties/modular_properties/examples/tests/test_CO2_bmimPF6_PR.py,unit,14
idaes/models/properties/modular_properties/examples/tests/test_HC_PR.py,integration,9
idaes/models/properties/modular_properties/examples/tests/test_HC_PR.py,performance,1
idaes/models/properties/modular_properties/examples/tests/test_HC_PR.py,skipif,1
idaes/models/properties/modular_properties/examples/tests/test_HC_PR.py,unit,1
idaes/models/properties/modular_properties/examples/tests/test_HC_PR_vap.py,component,3
idaes/models/properties/modular_properties/examples/tests/test_HC_PR_vap.py,skipif,7
idaes/models/properties/modular_properties/examples/tests/test_HC_PR_vap.py,ui,1
idaes/models/properties/modular_properties/examples/tests/test_HC_PR_vap.py,unit,13
idaes/models/properties/modular_properties/examples/tests/test_enrtl_H2O_NaCl_KCl.py,unit,2
idaes/models/properties/modular_properties/examples/tests/test_entrl_NaBr_mixed_solvent.py,unit,1
idaes/models/properties/modular_properties/phase_equil/tests/test_bubble_dew.py,unit,34
idaes/models/properties/modular_properties/phase_equil/tests/test_forms.py,unit,2
idaes/models/properties/modular_properties/phase_equil/tests/test_henry.py,component,1
idaes/models/properties/modular_properties/phase_equil/tests/test_henry.py,unit,4
idaes/models/properties/modular_properties/phase_equil/tests/test_smooth_VLE.py,unit,4
idaes/models/properties/modular_properties/phase_equil/tests/test_smooth_VLE_2.py,unit,8
idaes/models/properties/modular_properties/pure/tests/test_ChapmanEnskog.py,unit,3
idaes/models/properties/modular_properties/pure/tests/test_ChungPure.py,unit,3
idaes/models/properties/modular_properties/pure/tests/test_ConstantProperties.py,unit,16
idaes/models/properties/modular_properties/pure/tests/test_Eucken.py,unit,4
idaes/models/properties/modular_properties/pure/tests/test_NIST.py,unit,6
idaes/models/properties/modular_properties/pure/tests/test_Perrys.py,unit,8
idaes/models/properties/modular_properties/pure/tests/test_RPP3.py,unit,6
idaes/models/properties/modular_properties/pure/tests/test_RPP4.py,unit,6
idaes/models/properties/modular_properties/pure/tests/test_RPP5.py,unit,6
idaes/models/properties/modular_properties/pure/tests/test_electrolyte.py,unit,1
idaes/models/properties/modular_properties/reactions/tests/test_dh_rxn.py,unit,1
idaes/models/properties/modular_properties/reactions/tests/test_equilibrium_constant.py,unit,20
idaes/models/properties/modular_properties/reactions/tests/test_equilibrium_forms.py,unit,10
idaes/models/properties/modular_properties/reactions/tests/test_rate_constant.py,unit,8
idaes/models/properties/modular_properties/reactions/tests/test_rate_forms.py,unit,2
idaes/models/properties/modular_properties/reactions/tests/test_solubility_product_verification.py,component,2
idaes/models/properties/modular_properties/reactions/tests/test_solubility_product_verification.py,integration,3
idaes/models/properties/modular_properties/state_definitions/tests/test_FPhx.py,unit,34
idaes/models/properties/modular_properties/state_definitions/tests/test_FPhx_electrolyte.py,component,3
idaes/models/properties/modular_properties/state_definitions/tests/test_FPhx_electrolyte.py,unit,4
idaes/models/properties/modular_properties/state_definitions/tests/test_FTPx.py,unit,44
idaes/models/properties/modular_properties/state_definitions/tests/test_FTPx_electrolyte.py,component,10
idaes/models/properties/modular_properties/state_definitions/tests/test_FTPx_electrolyte.py,unit,12
idaes/models/properties/modular_properties/state_definitions/tests/test_FcPh.py,unit,34
idaes/models/properties/modular_properties/state_definitions/tests/test_FcPh_electrolyte.py,component,3
idaes/models/properties/modular_properties/state_definitions/tests/test_FcPh_electrolyte.py,unit,4
idaes/models/properties/modular_properties/state_definitions/tests/test_FcTP.py,unit,34
idaes/models/properties/modular_properties/state_definitions/tests/test_FcTP_electrolyte.py,component,3
idaes/models/properties/modular_properties/state_definitions/tests/test_FcTP_electrolyte.py,unit,4
idaes/models/properties/modular_properties/state_definitions/tests/test_FpTPxpc.py,component,1
idaes/models/properties/modular_properties/state_definitions/tests/test_FpTPxpc.py,unit,39
idaes/models/properties/modular_properties/state_definitions/tests/test_FpTPxpc_electrolyte.py,component,3
idaes/models/properties/modular_properties/state_definitions/tests/test_FpTPxpc_electrolyte.py,unit,4
idaes/models/properties/modular_properties/state_definitions/tests/test_FpcTP.py,component,4
idaes/models/properties/modular_properties/state_definitions/tests/test_FpcTP.py,unit,40
idaes/models/properties/modular_properties/state_definitions/tests/test_FpcTP_electrolyte.py,component,3
idaes/models/properties/modular_properties/state_definitions/tests/test_FpcTP_electrolyte.py,unit,4
idaes/models/properties/modular_properties/transport_properties/tests/test_no_method.py,unit,2
idaes/models/properties/modular_properties/transport_properties/tests/test_shell_and_tube_1D_transport.py,integration,9
idaes/models/properties/modular_properties/transport_properties/tests/test_shell_and_tube_1D_transport.py,performance,1
idaes/models/properties/modular_properties/transport_properties/tests/test_shell_and_tube_1D_transport.py,skipif,9
idaes/models/properties/modular_properties/transport_properties/tests/test_thermal_conductivity_wms.py,unit,4
idaes/models/properties/modular_properties/transport_properties/tests/test_viscosity_wilke.py,unit,8
idaes/models/properties/tests/test_harness.py,component,7
idaes/models/properties/tests/test_harness.py,unit,18
idaes/models/properties/tests/test_iapws95_with_harness.py,skipif,4
idaes/models/properties/tests/test_swco2_with_harness.py,skipif,4
idaes/models/unit_models/solid_liquid/tests/test_sl_separator.py,build,1
idaes/models/unit_models/solid_liquid/tests/test_sl_separator.py,component,10
idaes/models/unit_models/solid_liquid/tests/test_sl_separator.py,skipif,5
idaes/models/unit_models/solid_liquid/tests/test_sl_separator.py,solver,5
idaes/models/unit_models/solid_liquid/tests/test_sl_separator.py,ui,2
idaes/models/unit_models/solid_liquid/tests/test_sl_separator.py,unit,4
idaes/models/unit_models/solid_liquid/tests/test_thickener.py,build,1
idaes/models/unit_models/solid_liquid/tests/test_thickener.py,component,7
idaes/models/unit_models/solid_liquid/tests/test_thickener.py,skipif,4
idaes/models/unit_models/solid_liquid/tests/test_thickener.py,solver,4
idaes/models/unit_models/solid_liquid/tests/test_thickener.py,ui,2
idaes/models/unit_models/solid_liquid/tests/test_thickener.py,unit,4
idaes/models/unit_models/tests/test_cstr.py,build,1
idaes/models/unit_models/tests/test_cstr.py,component,9
idaes/models/unit_models/tests/test_cstr.py,skipif,5
idaes/models/unit_models/tests/test_cstr.py,solver,5
idaes/models/unit_models/tests/test_cstr.py,ui,1
idaes/models/unit_models/tests/test_cstr.py,unit,4
idaes/models/unit_models/tests/test_equilibrium_reactor.py,build,1
idaes/models/unit_models/tests/test_equilibrium_reactor.py,component,13
idaes/models/unit_models/tests/test_equilibrium_reactor.py,integration,2
idaes/models/unit_models/tests/test_equilibrium_reactor.py,skipif,5
idaes/models/unit_models/tests/test_equilibrium_reactor.py,solver,5
idaes/models/unit_models/tests/test_equilibrium_reactor.py,ui,1
idaes/models/unit_models/tests/test_equilibrium_reactor.py,unit,3
idaes/models/unit_models/tests/test_feed.py,build,2
idaes/models/unit_models/tests/test_feed.py,component,8
idaes/models/unit_models/tests/test_feed.py,iapws,1
idaes/models/unit_models/tests/test_feed.py,skipif,5
idaes/models/unit_models/tests/test_feed.py,solver,4
idaes/models/unit_models/tests/test_feed.py,ui,4
idaes/models/unit_models/tests/test_feed.py,unit,7
idaes/models/unit_models/tests/test_feed_flash.py,build,2
idaes/models/unit_models/tests/test_feed_flash.py,component,19
idaes/models/unit_models/tests/test_feed_flash.py,iapws,1
idaes/models/unit_models/tests/test_feed_flash.py,integration,2
idaes/models/unit_models/tests/test_feed_flash.py,skipif,15
idaes/models/unit_models/tests/test_feed_flash.py,solver,14
idaes/models/unit_models/tests/test_feed_flash.py,ui,6
idaes/models/unit_models/tests/test_feed_flash.py,unit,11
idaes/models/unit_models/tests/test_flash.py,build,3
idaes/models/unit_models/tests/test_flash.py,component,21
idaes/models/unit_models/tests/test_flash.py,iapws,1
idaes/models/unit_models/tests/test_flash.py,integration,2
idaes/models/unit_models/tests/test_flash.py,skipif,17
idaes/models/unit_models/tests/test_flash.py,solver,16
idaes/models/unit_models/tests/test_flash.py,ui,6
idaes/models/unit_models/tests/test_flash.py,unit,12
idaes/models/unit_models/tests/test_gibbs.py,build,1
idaes/models/unit_models/tests/test_gibbs.py,component,14
idaes/models/unit_models/tests/test_gibbs.py,integration,1
idaes/models/unit_models/tests/test_gibbs.py,skipif,11
idaes/models/unit_models/tests/test_gibbs.py,solver,11
idaes/models/unit_models/tests/test_gibbs.py,ui,1
idaes/models/unit_models/tests/test_gibbs.py,unit,8
idaes/models/unit_models/tests/test_gibbs.py,xfail,1
idaes/models/unit_models/tests/test_gibbs_scaling.py,integration,1
idaes/models/unit_models/tests/test_gibbs_scaling.py,unit,2
idaes/models/unit_models/tests/test_heat_exchanger.py,build,5
idaes/models/unit_models/tests/test_heat_exchanger.py,component,43
idaes/models/unit_models/tests/test_heat_exchanger.py,iapws,1
idaes/models/unit_models/tests/test_heat_exchanger.py,integration,2
idaes/models/unit_models/tests/test_heat_exchanger.py,skipif,44
idaes/models/unit_models/tests/test_heat_exchanger.py,solver,28
idaes/models/unit_models/tests/test_heat_exchanger.py,ui,10
idaes/models/unit_models/tests/test_heat_exchanger.py,unit,26
idaes/models/unit_models/tests/test_heat_exchanger.py,xfail,1
idaes/models/unit_models/tests/test_heat_exchanger_1D.py,component,43
idaes/models/unit_models/tests/test_heat_exchanger_1D.py,iapws,2
idaes/models/unit_models/tests/test_heat_exchanger_1D.py,integration,29
idaes/models/unit_models/tests/test_heat_exchanger_1D.py,performance,1
idaes/models/unit_models/tests/test_heat_exchanger_1D.py,skipif,51
idaes/models/unit_models/tests/test_heat_exchanger_1D.py,solver,9
idaes/models/unit_models/tests/test_heat_exchanger_1D.py,ui,14
idaes/models/unit_models/tests/test_heat_exchanger_1D.py,unit,41
idaes/models/unit_models/tests/test_heat_exchanger_1D.py,xfail,1
idaes/models/unit_models/tests/test_heat_exchanger_lc.py,component,5
idaes/models/unit_models/tests/test_heat_exchanger_lc.py,skipif,4
idaes/models/unit_models/tests/test_heat_exchanger_lc.py,solver,3
idaes/models/unit_models/tests/test_heat_exchanger_lc.py,ui,1
idaes/models/unit_models/tests/test_heat_exchanger_lc.py,unit,11
idaes/models/unit_models/tests/test_heater.py,build,4
idaes/models/unit_models/tests/test_heater.py,component,26
idaes/models/unit_models/tests/test_heater.py,iapws,1
idaes/models/unit_models/tests/test_heater.py,integration,7
idaes/models/unit_models/tests/test_heater.py,skipif,23
idaes/models/unit_models/tests/test_heater.py,solver,21
idaes/models/unit_models/tests/test_heater.py,ui,4
idaes/models/unit_models/tests/test_heater.py,unit,9
idaes/models/unit_models/tests/test_hx_ntu.py,build,1
idaes/models/unit_models/tests/test_hx_ntu.py,component,8
idaes/models/unit_models/tests/test_hx_ntu.py,skipif,5
idaes/models/unit_models/tests/test_hx_ntu.py,solver,5
idaes/models/unit_models/tests/test_hx_ntu.py,ui,2
idaes/models/unit_models/tests/test_hx_ntu.py,unit,12
idaes/models/unit_models/tests/test_mixer.py,build,12
idaes/models/unit_models/tests/test_mixer.py,component,40
idaes/models/unit_models/tests/test_mixer.py,iapws,1
idaes/models/unit_models/tests/test_mixer.py,skipif,22
idaes/models/unit_models/tests/test_mixer.py,solver,24
idaes/models/unit_models/tests/test_mixer.py,ui,5
idaes/models/unit_models/tests/test_mixer.py,unit,47
idaes/models/unit_models/tests/test_mscontactor.py,component,7
idaes/models/unit_models/tests/test_mscontactor.py,integration,2
idaes/models/unit_models/tests/test_mscontactor.py,ui,4
idaes/models/unit_models/tests/test_mscontactor.py,unit,76
idaes/models/unit_models/tests/test_pfr.py,build,1
idaes/models/unit_models/tests/test_pfr.py,component,10
idaes/models/unit_models/tests/test_pfr.py,skipif,6
idaes/models/unit_models/tests/test_pfr.py,solver,5
idaes/models/unit_models/tests/test_pfr.py,ui,1
idaes/models/unit_models/tests/test_pfr.py,unit,2
idaes/models/unit_models/tests/test_pipe.py,build,1
idaes/models/unit_models/tests/test_pipe.py,component,10
idaes/models/unit_models/tests/test_pipe.py,skipif,6
idaes/models/unit_models/tests/test_pipe.py,solver,5
idaes/models/unit_models/tests/test_pipe.py,ui,1
idaes/models/unit_models/tests/test_pipe.py,unit,2
idaes/models/unit_models/tests/test_pressure_changer.py,build,3
idaes/models/unit_models/tests/test_pressure_changer.py,component,26
idaes/models/unit_models/tests/test_pressure_changer.py,iapws,1
idaes/models/unit_models/tests/test_pressure_changer.py,integration,5
idaes/models/unit_models/tests/test_pressure_changer.py,skipif,19
idaes/models/unit_models/tests/test_pressure_changer.py,solver,16
idaes/models/unit_models/tests/test_pressure_changer.py,ui,3
idaes/models/unit_models/tests/test_pressure_changer.py,unit,22
idaes/models/unit_models/tests/test_product.py,build,3
idaes/models/unit_models/tests/test_product.py,component,11
idaes/models/unit_models/tests/test_product.py,iapws,1
idaes/models/unit_models/tests/test_product.py,skipif,7
idaes/models/unit_models/tests/test_product.py,solver,6
idaes/models/unit_models/tests/test_product.py,ui,6
idaes/models/unit_models/tests/test_product.py,unit,10
idaes/models/unit_models/tests/test_rstoic.py,build,1
idaes/models/unit_models/tests/test_rstoic.py,component,9
idaes/models/unit_models/tests/test_rstoic.py,integration,1
idaes/models/unit_models/tests/test_rstoic.py,skipif,5
idaes/models/unit_models/tests/test_rstoic.py,solver,5
idaes/models/unit_models/tests/test_rstoic.py,ui,1
idaes/models/unit_models/tests/test_rstoic.py,unit,4
idaes/models/unit_models/tests/test_separator.py,build,7
idaes/models/unit_models/tests/test_separator.py,component,31
idaes/models/unit_models/tests/test_separator.py,iapws,1
idaes/models/unit_models/tests/test_separator.py,integration,6
idaes/models/unit_models/tests/test_separator.py,parametrize,4
idaes/models/unit_models/tests/test_separator.py,skipif,22
idaes/models/unit_models/tests/test_separator.py,solver,25
idaes/models/unit_models/tests/test_separator.py,ui,8
idaes/models/unit_models/tests/test_separator.py,unit,131
idaes/models/unit_models/tests/test_shell_and_tube_1D.py,component,23
idaes/models/unit_models/tests/test_shell_and_tube_1D.py,iapws,2
idaes/models/unit_models/tests/test_shell_and_tube_1D.py,integration,16
idaes/models/unit_models/tests/test_shell_and_tube_1D.py,skipif,28
idaes/models/unit_models/tests/test_shell_and_tube_1D.py,solver,5
idaes/models/unit_models/tests/test_shell_and_tube_1D.py,ui,10
idaes/models/unit_models/tests/test_shell_and_tube_1D.py,unit,27
idaes/models/unit_models/tests/test_skeleton_unit_model.py,component,9
idaes/models/unit_models/tests/test_skeleton_unit_model.py,skipif,8
idaes/models/unit_models/tests/test_skeleton_unit_model.py,unit,4
idaes/models/unit_models/tests/test_statejunction.py,build,3
idaes/models/unit_models/tests/test_statejunction.py,component,11
idaes/models/unit_models/tests/test_statejunction.py,iapws,1
idaes/models/unit_models/tests/test_statejunction.py,skipif,7
idaes/models/unit_models/tests/test_statejunction.py,solver,6
idaes/models/unit_models/tests/test_statejunction.py,ui,3
idaes/models/unit_models/tests/test_statejunction.py,unit,7
idaes/models/unit_models/tests/test_stream_scaler.py,build,3
idaes/models/unit_models/tests/test_stream_scaler.py,component,9
idaes/models/unit_models/tests/test_stream_scaler.py,iapws,1
idaes/models/unit_models/tests/test_stream_scaler.py,skipif,7
idaes/models/unit_models/tests/test_stream_scaler.py,solver,6
idaes/models/unit_models/tests/test_stream_scaler.py,ui,6
idaes/models/unit_models/tests/test_stream_scaler.py,unit,10
idaes/models/unit_models/tests/test_translator.py,build,1
idaes/models/unit_models/tests/test_translator.py,component,2
idaes/models/unit_models/tests/test_translator.py,skipif,1
idaes/models/unit_models/tests/test_translator.py,solver,1
idaes/models/unit_models/tests/test_translator.py,ui,1
idaes/models/unit_models/tests/test_translator.py,unit,4
idaes/models/unit_models/tests/test_valve.py,build,2
idaes/models/unit_models/tests/test_valve.py,component,13
idaes/models/unit_models/tests/test_valve.py,skipif,13
idaes/models/unit_models/tests/test_valve.py,solver,11
idaes/models/unit_models/tests/test_valve.py,unit,2
idaes/models_extra/co2_capture_and_utilization/unit_models/tests/test_membrane_1d.py,build,1
idaes/models_extra/co2_capture_and_utilization/unit_models/tests/test_membrane_1d.py,component,7
idaes/models_extra/co2_capture_and_utilization/unit_models/tests/test_membrane_1d.py,skipif,6
idaes/models_extra/co2_capture_and_utilization/unit_models/tests/test_membrane_1d.py,solver,6
idaes/models_extra/co2_capture_and_utilization/unit_models/tests/test_membrane_1d.py,unit,3
idaes/models_extra/column_models/properties/tests/test_mea_solvent.py,component,4
idaes/models_extra/column_models/properties/tests/test_mea_solvent.py,skipif,3
idaes/models_extra/column_models/properties/tests/test_mea_solvent.py,unit,1
idaes/models_extra/column_models/properties/tests/test_mea_vapor.py,component,8
idaes/models_extra/column_models/properties/tests/test_mea_vapor.py,skipif,6
idaes/models_extra/column_models/properties/tests/test_mea_vapor.py,unit,2
idaes/models_extra/column_models/tests/test_MEAsolvent_column.py,component,5
idaes/models_extra/column_models/tests/test_MEAsolvent_column.py,performance,1
idaes/models_extra/column_models/tests/test_MEAsolvent_column.py,skipif,3
idaes/models_extra/column_models/tests/test_MEAsolvent_column.py,unit,1
idaes/models_extra/column_models/tests/test_conventional_tray.py,component,5
idaes/models_extra/column_models/tests/test_conventional_tray.py,skipif,3
idaes/models_extra/column_models/tests/test_conventional_tray.py,unit,3
idaes/models_extra/column_models/tests/test_feed_tray.py,component,5
idaes/models_extra/column_models/tests/test_feed_tray.py,skipif,3
idaes/models_extra/column_models/tests/test_feed_tray.py,unit,3
idaes/models_extra/column_models/tests/test_partial_condenser.py,component,6
idaes/models_extra/column_models/tests/test_partial_condenser.py,skipif,4
idaes/models_extra/column_models/tests/test_partial_condenser.py,ui,1
idaes/models_extra/column_models/tests/test_partial_condenser.py,unit,4
idaes/models_extra/column_models/tests/test_plate_heat_exchanger.py,build,1
idaes/models_extra/column_models/tests/test_plate_heat_exchanger.py,component,5
idaes/models_extra/column_models/tests/test_plate_heat_exchanger.py,skipif,4
idaes/models_extra/column_models/tests/test_plate_heat_exchanger.py,solver,4
idaes/models_extra/column_models/tests/test_plate_heat_exchanger.py,ui,1
idaes/models_extra/column_models/tests/test_plate_heat_exchanger.py,unit,4
idaes/models_extra/column_models/tests/test_reboiler.py,component,6
idaes/models_extra/column_models/tests/test_reboiler.py,skipif,4
idaes/models_extra/column_models/tests/test_reboiler.py,ui,1
idaes/models_extra/column_models/tests/test_reboiler.py,unit,4
idaes/models_extra/column_models/tests/test_solvent_column.py,component,10
idaes/models_extra/column_models/tests/test_solvent_column.py,skipif,8
idaes/models_extra/column_models/tests/test_solvent_column.py,solver,6
idaes/models_extra/column_models/tests/test_solvent_column.py,unit,4
idaes/models_extra/column_models/tests/test_solvent_condenser.py,build,2
idaes/models_extra/column_models/tests/test_solvent_condenser.py,component,12
idaes/models_extra/column_models/tests/test_solvent_condenser.py,skipif,8
idaes/models_extra/column_models/tests/test_solvent_condenser.py,solver,8
idaes/models_extra/column_models/tests/test_solvent_condenser.py,unit,4
idaes/models_extra/column_models/tests/test_solvent_reboiler.py,build,1
idaes/models_extra/column_models/tests/test_solvent_reboiler.py,component,5
idaes/models_extra/column_models/tests/test_solvent_reboiler.py,parametrize,2
idaes/models_extra/column_models/tests/test_solvent_reboiler.py,skipif,4
idaes/models_extra/column_models/tests/test_solvent_reboiler.py,solver,4
idaes/models_extra/column_models/tests/test_solvent_reboiler.py,unit,2
idaes/models_extra/column_models/tests/test_total_condenser.py,component,6
idaes/models_extra/column_models/tests/test_total_condenser.py,skipif,4
idaes/models_extra/column_models/tests/test_total_condenser.py,ui,1
idaes/models_extra/column_models/tests/test_total_condenser.py,unit,4
idaes/models_extra/column_models/tests/test_tray_column.py,component,12
idaes/models_extra/column_models/tests/test_tray_column.py,performance,1
idaes/models_extra/column_models/tests/test_tray_column.py,skipif,9
idaes/models_extra/column_models/tests/test_tray_column.py,unit,7
idaes/models_extra/column_models/tests/test_tray_side_liq_draw.py,component,5
idaes/models_extra/column_models/tests/test_tray_side_liq_draw.py,skipif,3
idaes/models_extra/column_models/tests/test_tray_side_liq_draw.py,unit,3
idaes/models_extra/column_models/tests/test_tray_side_vap_draw.py,component,5
idaes/models_extra/column_models/tests/test_tray_side_vap_draw.py,skipif,3
idaes/models_extra/column_models/tests/test_tray_side_vap_draw.py,unit,3
idaes/models_extra/gas_distribution/properties/tests/test_natural_gas.py,unit,1
idaes/models_extra/gas_distribution/unit_models/tests/test_compressor.py,component,1
idaes/models_extra/gas_distribution/unit_models/tests/test_compressor.py,unit,1
idaes/models_extra/gas_distribution/unit_models/tests/test_flowsheet.py,unit,1
idaes/models_extra/gas_distribution/unit_models/tests/test_node.py,unit,1
idaes/models_extra/gas_distribution/unit_models/tests/test_pipeline.py,component,2
idaes/models_extra/gas_distribution/unit_models/tests/test_pipeline.py,unit,1
idaes/models_extra/gas_distribution/unit_models/tests/test_pipeline_compressor.py,component,1
idaes/models_extra/gas_distribution/unit_models/tests/test_pipeline_compressor.py,unit,1
idaes/models_extra/gas_solid_contactors/properties/methane_iron_OC_reduction/tests/test_CLC_gas_prop.py,component,7
idaes/models_extra/gas_solid_contactors/properties/methane_iron_OC_reduction/tests/test_CLC_gas_prop.py,skipif,5
idaes/models_extra/gas_solid_contactors/properties/methane_iron_OC_reduction/tests/test_CLC_gas_prop.py,solver,5
idaes/models_extra/gas_solid_contactors/properties/methane_iron_OC_reduction/tests/test_CLC_gas_prop.py,unit,2
idaes/models_extra/gas_solid_contactors/properties/methane_iron_OC_reduction/tests/test_CLC_rxn_prop.py,component,4
idaes/models_extra/gas_solid_contactors/properties/methane_iron_OC_reduction/tests/test_CLC_rxn_prop.py,skipif,3
idaes/models_extra/gas_solid_contactors/properties/methane_iron_OC_reduction/tests/test_CLC_rxn_prop.py,solver,3
idaes/models_extra/gas_solid_contactors/properties/methane_iron_OC_reduction/tests/test_CLC_rxn_prop.py,unit,2
idaes/models_extra/gas_solid_contactors/properties/methane_iron_OC_reduction/tests/test_CLC_solid_prop.py,component,7
idaes/models_extra/gas_solid_contactors/properties/methane_iron_OC_reduction/tests/test_CLC_solid_prop.py,skipif,5
idaes/models_extra/gas_solid_contactors/properties/methane_iron_OC_reduction/tests/test_CLC_solid_prop.py,solver,5
idaes/models_extra/gas_solid_contactors/properties/methane_iron_OC_reduction/tests/test_CLC_solid_prop.py,unit,2
idaes/models_extra/gas_solid_contactors/properties/oxygen_iron_OC_oxidation/tests/test_CLC_gas_prop.py,component,7
idaes/models_extra/gas_solid_contactors/properties/oxygen_iron_OC_oxidation/tests/test_CLC_gas_prop.py,skipif,5
idaes/models_extra/gas_solid_contactors/properties/oxygen_iron_OC_oxidation/tests/test_CLC_gas_prop.py,solver,5
idaes/models_extra/gas_solid_contactors/properties/oxygen_iron_OC_oxidation/tests/test_CLC_gas_prop.py,unit,7
idaes/models_extra/gas_solid_contactors/properties/oxygen_iron_OC_oxidation/tests/test_CLC_rxn_prop.py,component,4
idaes/models_extra/gas_solid_contactors/properties/oxygen_iron_OC_oxidation/tests/test_CLC_rxn_prop.py,skipif,3
idaes/models_extra/gas_solid_contactors/properties/oxygen_iron_OC_oxidation/tests/test_CLC_rxn_prop.py,solver,3
idaes/models_extra/gas_solid_contactors/properties/oxygen_iron_OC_oxidation/tests/test_CLC_rxn_prop.py,unit,4
idaes/models_extra/gas_solid_contactors/properties/oxygen_iron_OC_oxidation/tests/test_CLC_solid_prop.py,component,7
idaes/models_extra/gas_solid_contactors/properties/oxygen_iron_OC_oxidation/tests/test_CLC_solid_prop.py,skipif,5
idaes/models_extra/gas_solid_contactors/properties/oxygen_iron_OC_oxidation/tests/test_CLC_solid_prop.py,solver,5
idaes/models_extra/gas_solid_contactors/properties/oxygen_iron_OC_oxidation/tests/test_CLC_solid_prop.py,unit,6
idaes/models_extra/gas_solid_contactors/unit_models/tests/test_BFB_methane_oc.py,build,3
idaes/models_extra/gas_solid_contactors/unit_models/tests/test_BFB_methane_oc.py,component,24
idaes/models_extra/gas_solid_contactors/unit_models/tests/test_BFB_methane_oc.py,skipif,16
idaes/models_extra/gas_solid_contactors/unit_models/tests/test_BFB_methane_oc.py,solver,16
idaes/models_extra/gas_solid_contactors/unit_models/tests/test_BFB_methane_oc.py,ui,3
idaes/models_extra/gas_solid_contactors/unit_models/tests/test_BFB_methane_oc.py,unit,10
idaes/models_extra/gas_solid_contactors/unit_models/tests/test_BFB_oxygen_oc.py,build,3
idaes/models_extra/gas_solid_contactors/unit_models/tests/test_BFB_oxygen_oc.py,component,24
idaes/models_extra/gas_solid_contactors/unit_models/tests/test_BFB_oxygen_oc.py,skipif,16
idaes/models_extra/gas_solid_contactors/unit_models/tests/test_BFB_oxygen_oc.py,solver,16
idaes/models_extra/gas_solid_contactors/unit_models/tests/test_BFB_oxygen_oc.py,ui,3
idaes/models_extra/gas_solid_contactors/unit_models/tests/test_BFB_oxygen_oc.py,unit,10
idaes/models_extra/gas_solid_contactors/unit_models/tests/test_FB0D.py,build,2
idaes/models_extra/gas_solid_contactors/unit_models/tests/test_FB0D.py,component,22
idaes/models_extra/gas_solid_contactors/unit_models/tests/test_FB0D.py,skipif,16
idaes/models_extra/gas_solid_contactors/unit_models/tests/test_FB0D.py,solver,16
idaes/models_extra/gas_solid_contactors/unit_models/tests/test_FB0D.py,ui,2
idaes/models_extra/gas_solid_contactors/unit_models/tests/test_FB0D.py,unit,7
idaes/models_extra/gas_solid_contactors/unit_models/tests/test_FB1D.py,build,2
idaes/models_extra/gas_solid_contactors/unit_models/tests/test_FB1D.py,component,23
idaes/models_extra/gas_solid_contactors/unit_models/tests/test_FB1D.py,integration,1
idaes/models_extra/gas_solid_contactors/unit_models/tests/test_FB1D.py,performance,1
idaes/models_extra/gas_solid_contactors/unit_models/tests/test_FB1D.py,skipif,17
idaes/models_extra/gas_solid_contactors/unit_models/tests/test_FB1D.py,solver,17
idaes/models_extra/gas_solid_contactors/unit_models/tests/test_FB1D.py,ui,6
idaes/models_extra/gas_solid_contactors/unit_models/tests/test_FB1D.py,unit,13
idaes/models_extra/gas_solid_contactors/unit_models/tests/test_FB1D.py,xfail,3
idaes/models_extra/gas_solid_contactors/unit_models/tests/test_MB.py,build,3
idaes/models_extra/gas_solid_contactors/unit_models/tests/test_MB.py,component,25
idaes/models_extra/gas_solid_contactors/unit_models/tests/test_MB.py,skipif,18
idaes/models_extra/gas_solid_contactors/unit_models/tests/test_MB.py,solver,18
idaes/models_extra/gas_solid_contactors/unit_models/tests/test_MB.py,ui,3
idaes/models_extra/gas_solid_contactors/unit_models/tests/test_MB.py,unit,13
idaes/models_extra/power_generation/costing/tests/test_CCS_capcost.py,component,2
idaes/models_extra/power_generation/costing/tests/test_CCS_capcost.py,skipif,1
idaes/models_extra/power_generation/costing/tests/test_NGCC_capcost.py,component,4
idaes/models_extra/power_generation/costing/tests/test_NGCC_capcost.py,skipif,4
idaes/models_extra/power_generation/costing/tests/test_NGCC_capcost.py,unit,1
idaes/models_extra/power_generation/costing/tests/test_power_plant_capcost.py,component,25
idaes/models_extra/power_generation/costing/tests/test_power_plant_costing.py,component,9
idaes/models_extra/power_generation/costing/tests/test_power_plant_costing.py,parametrize,1
idaes/models_extra/power_generation/costing/tests/test_power_plant_costing.py,unit,20
idaes/models_extra/power_generation/flowsheets/subcritical_power_plant/tests/test_subcritical_flowsheets.py,component,5
idaes/models_extra/power_generation/flowsheets/subcritical_power_plant/tests/test_subcritical_flowsheets.py,integration,6
idaes/models_extra/power_generation/flowsheets/subcritical_power_plant/tests/test_subcritical_flowsheets.py,skipif,11
idaes/models_extra/power_generation/flowsheets/subcritical_power_plant/tests/test_subcritical_flowsheets.py,usefixtures,1
idaes/models_extra/power_generation/properties/tests/test_NG_PR.py,component,1
idaes/models_extra/power_generation/properties/tests/test_NG_PR.py,integration,2
idaes/models_extra/power_generation/properties/tests/test_NG_PR.py,skipif,4
idaes/models_extra/power_generation/properties/tests/test_NG_PR.py,unit,4
idaes/models_extra/power_generation/properties/tests/test_fg_prop.py,integration,1
idaes/models_extra/power_generation/properties/tests/test_flue_gas_integration.py,integration,2
idaes/models_extra/power_generation/properties/tests/test_flue_gas_integration.py,skipif,3
idaes/models_extra/power_generation/properties/tests/test_flue_gas_integration.py,solver,2
idaes/models_extra/power_generation/properties/tests/test_flue_gas_integration.py,unit,1
idaes/models_extra/power_generation/unit_models/helm/tests/test_compare_to_generic.py,component,4
idaes/models_extra/power_generation/unit_models/helm/tests/test_compare_to_generic.py,skipif,4
idaes/models_extra/power_generation/unit_models/helm/tests/test_condenser_ntu.py,skipif,5
idaes/models_extra/power_generation/unit_models/helm/tests/test_condenser_ntu.py,unit,3
idaes/models_extra/power_generation/unit_models/helm/tests/test_mixer.py,component,2
idaes/models_extra/power_generation/unit_models/helm/tests/test_mixer.py,skipif,3
idaes/models_extra/power_generation/unit_models/helm/tests/test_mixer.py,unit,1
idaes/models_extra/power_generation/unit_models/helm/tests/test_phase_separator.py,component,2
idaes/models_extra/power_generation/unit_models/helm/tests/test_phase_separator.py,skipif,6
idaes/models_extra/power_generation/unit_models/helm/tests/test_phase_separator.py,unit,2
idaes/models_extra/power_generation/unit_models/helm/tests/test_splitter.py,component,1
idaes/models_extra/power_generation/unit_models/helm/tests/test_splitter.py,skipif,2
idaes/models_extra/power_generation/unit_models/helm/tests/test_splitter.py,unit,1
idaes/models_extra/power_generation/unit_models/helm/tests/test_turbine_inlet.py,component,4
idaes/models_extra/power_generation/unit_models/helm/tests/test_turbine_inlet.py,skipif,6
idaes/models_extra/power_generation/unit_models/helm/tests/test_turbine_inlet.py,unit,2
idaes/models_extra/power_generation/unit_models/helm/tests/test_turbine_multistage.py,component,2
idaes/models_extra/power_generation/unit_models/helm/tests/test_turbine_multistage.py,skipif,2
idaes/models_extra/power_generation/unit_models/helm/tests/test_turbine_multistage.py,unit,1
idaes/models_extra/power_generation/unit_models/helm/tests/test_turbine_outlet.py,component,3
idaes/models_extra/power_generation/unit_models/helm/tests/test_turbine_outlet.py,skipif,5
idaes/models_extra/power_generation/unit_models/helm/tests/test_turbine_outlet.py,unit,2
idaes/models_extra/power_generation/unit_models/helm/tests/test_turbine_stage.py,component,1
idaes/models_extra/power_generation/unit_models/helm/tests/test_turbine_stage.py,skipif,3
idaes/models_extra/power_generation/unit_models/helm/tests/test_turbine_stage.py,unit,2
idaes/models_extra/power_generation/unit_models/soc_submodels/tests/test_channel.py,build,2
idaes/models_extra/power_generation/unit_models/soc_submodels/tests/test_channel.py,component,2
idaes/models_extra/power_generation/unit_models/soc_submodels/tests/test_channel.py,unit,2
idaes/models_extra/power_generation/unit_models/soc_submodels/tests/test_common.py,component,1
idaes/models_extra/power_generation/unit_models/soc_submodels/tests/test_conductive_slab.py,build,2
idaes/models_extra/power_generation/unit_models/soc_submodels/tests/test_conductive_slab.py,component,3
idaes/models_extra/power_generation/unit_models/soc_submodels/tests/test_conductive_slab.py,unit,2
idaes/models_extra/power_generation/unit_models/soc_submodels/tests/test_contact_resistor.py,build,2
idaes/models_extra/power_generation/unit_models/soc_submodels/tests/test_contact_resistor.py,component,3
idaes/models_extra/power_generation/unit_models/soc_submodels/tests/test_contact_resistor.py,skipif,1
idaes/models_extra/power_generation/unit_models/soc_submodels/tests/test_contact_resistor.py,solver,1
idaes/models_extra/power_generation/unit_models/soc_submodels/tests/test_contact_resistor.py,unit,2
idaes/models_extra/power_generation/unit_models/soc_submodels/tests/test_herring_replication.py,component,2
idaes/models_extra/power_generation/unit_models/soc_submodels/tests/test_herring_replication.py,integration,1
idaes/models_extra/power_generation/unit_models/soc_submodels/tests/test_herring_replication.py,skipif,3
idaes/models_extra/power_generation/unit_models/soc_submodels/tests/test_herring_replication_heat_loss.py,component,5
idaes/models_extra/power_generation/unit_models/soc_submodels/tests/test_herring_replication_heat_loss.py,integration,2
idaes/models_extra/power_generation/unit_models/soc_submodels/tests/test_herring_replication_heat_loss.py,skipif,7
idaes/models_extra/power_generation/unit_models/soc_submodels/tests/test_herring_replication_interconnect.py,component,3
idaes/models_extra/power_generation/unit_models/soc_submodels/tests/test_herring_replication_interconnect.py,integration,2
idaes/models_extra/power_generation/unit_models/soc_submodels/tests/test_herring_replication_interconnect.py,skipif,5
idaes/models_extra/power_generation/unit_models/soc_submodels/tests/test_herring_replication_thin.py,component,2
idaes/models_extra/power_generation/unit_models/soc_submodels/tests/test_herring_replication_thin.py,integration,1
idaes/models_extra/power_generation/unit_models/soc_submodels/tests/test_herring_replication_thin.py,skipif,3
idaes/models_extra/power_generation/unit_models/soc_submodels/tests/test_porous_conductive_slab.py,build,2
idaes/models_extra/power_generation/unit_models/soc_submodels/tests/test_porous_conductive_slab.py,component,2
idaes/models_extra/power_generation/unit_models/soc_submodels/tests/test_porous_conductive_slab.py,unit,2
idaes/models_extra/power_generation/unit_models/soc_submodels/tests/test_solid_oxide_cell.py,build,6
idaes/models_extra/power_generation/unit_models/soc_submodels/tests/test_solid_oxide_cell.py,component,5
idaes/models_extra/power_generation/unit_models/soc_submodels/tests/test_solid_oxide_cell.py,unit,7
idaes/models_extra/power_generation/unit_models/soc_submodels/tests/test_triple_phase_boundary.py,build,3
idaes/models_extra/power_generation/unit_models/soc_submodels/tests/test_triple_phase_boundary.py,component,4
idaes/models_extra/power_generation/unit_models/soc_submodels/tests/test_triple_phase_boundary.py,integration,2
idaes/models_extra/power_generation/unit_models/soc_submodels/tests/test_triple_phase_boundary.py,skipif,3
idaes/models_extra/power_generation/unit_models/soc_submodels/tests/test_triple_phase_boundary.py,solver,3
idaes/models_extra/power_generation/unit_models/soc_submodels/tests/test_triple_phase_boundary.py,unit,4
idaes/models_extra/power_generation/unit_models/tests/test_boiler_heat_exchanger.py,component,3
idaes/models_extra/power_generation/unit_models/tests/test_boiler_heat_exchanger.py,integration,3
idaes/models_extra/power_generation/unit_models/tests/test_boiler_heat_exchanger.py,skipif,12
idaes/models_extra/power_generation/unit_models/tests/test_boiler_heat_exchanger.py,unit,3
idaes/models_extra/power_generation/unit_models/tests/test_boilerfireside.py,component,2
idaes/models_extra/power_generation/unit_models/tests/test_boilerfireside.py,skipif,4
idaes/models_extra/power_generation/unit_models/tests/test_boilerfireside.py,unit,2
idaes/models_extra/power_generation/unit_models/tests/test_cpu.py,component,2
idaes/models_extra/power_generation/unit_models/tests/test_cpu.py,skipif,2
idaes/models_extra/power_generation/unit_models/tests/test_cpu.py,unit,1
idaes/models_extra/power_generation/unit_models/tests/test_cross_flow_heat_exchanger_1D.py,component,4
idaes/models_extra/power_generation/unit_models/tests/test_cross_flow_heat_exchanger_1D.py,integration,6
idaes/models_extra/power_generation/unit_models/tests/test_downcomer.py,component,2
idaes/models_extra/power_generation/unit_models/tests/test_downcomer.py,integration,1
idaes/models_extra/power_generation/unit_models/tests/test_downcomer.py,skipif,6
idaes/models_extra/power_generation/unit_models/tests/test_downcomer.py,unit,1
idaes/models_extra/power_generation/unit_models/tests/test_drum.py,component,2
idaes/models_extra/power_generation/unit_models/tests/test_drum.py,integration,1
idaes/models_extra/power_generation/unit_models/tests/test_drum.py,skipif,6
idaes/models_extra/power_generation/unit_models/tests/test_drum.py,unit,1
idaes/models_extra/power_generation/unit_models/tests/test_drum1D.py,component,2
idaes/models_extra/power_generation/unit_models/tests/test_drum1D.py,skipif,6
idaes/models_extra/power_generation/unit_models/tests/test_drum1D.py,unit,2
idaes/models_extra/power_generation/unit_models/tests/test_feedwater_heater.py,integration,1
idaes/models_extra/power_generation/unit_models/tests/test_feedwater_heater.py,skipif,2
idaes/models_extra/power_generation/unit_models/tests/test_feedwater_heater.py,unit,1
idaes/models_extra/power_generation/unit_models/tests/test_feedwater_heater_dynamic.py,component,1
idaes/models_extra/power_generation/unit_models/tests/test_feedwater_heater_dynamic.py,integration,2
idaes/models_extra/power_generation/unit_models/tests/test_feedwater_heater_dynamic.py,skipif,5
idaes/models_extra/power_generation/unit_models/tests/test_feedwater_heater_dynamic.py,unit,1
idaes/models_extra/power_generation/unit_models/tests/test_heat_exchanger2D.py,component,2
idaes/models_extra/power_generation/unit_models/tests/test_heat_exchanger2D.py,skipif,5
idaes/models_extra/power_generation/unit_models/tests/test_heat_exchanger2D.py,unit,1
idaes/models_extra/power_generation/unit_models/tests/test_heat_exchanger_3streams.py,component,2
idaes/models_extra/power_generation/unit_models/tests/test_heat_exchanger_3streams.py,skipif,2
idaes/models_extra/power_generation/unit_models/tests/test_heat_exchanger_3streams.py,unit,1
idaes/models_extra/power_generation/unit_models/tests/test_heater_1D.py,component,2
idaes/models_extra/power_generation/unit_models/tests/test_heater_1D.py,integration,4
idaes/models_extra/power_generation/unit_models/tests/test_soec_design.py,component,2
idaes/models_extra/power_generation/unit_models/tests/test_steamheater.py,component,2
idaes/models_extra/power_generation/unit_models/tests/test_steamheater.py,skipif,5
idaes/models_extra/power_generation/unit_models/tests/test_steamheater.py,unit,1
idaes/models_extra/power_generation/unit_models/tests/test_waterpipe.py,component,5
idaes/models_extra/power_generation/unit_models/tests/test_waterpipe.py,skipif,11
idaes/models_extra/power_generation/unit_models/tests/test_waterpipe.py,unit,1
idaes/models_extra/power_generation/unit_models/tests/test_watertank.py,component,2
idaes/models_extra/power_generation/unit_models/tests/test_watertank.py,skipif,5
idaes/models_extra/power_generation/unit_models/tests/test_watertank.py,unit,1
idaes/models_extra/power_generation/unit_models/tests/test_waterwall.py,component,2
idaes/models_extra/power_generation/unit_models/tests/test_waterwall.py,integration,1
idaes/models_extra/power_generation/unit_models/tests/test_waterwall.py,skipif,5
idaes/models_extra/power_generation/unit_models/tests/test_waterwall.py,unit,1
idaes/models_extra/temperature_swing_adsorption/tests/test_fixed_bed_tsa0d.py,build,3
idaes/models_extra/temperature_swing_adsorption/tests/test_fixed_bed_tsa0d.py,component,11
idaes/models_extra/temperature_swing_adsorption/tests/test_fixed_bed_tsa0d.py,skipif,9
idaes/models_extra/temperature_swing_adsorption/tests/test_fixed_bed_tsa0d.py,solver,9
idaes/models_extra/temperature_swing_adsorption/tests/test_fixed_bed_tsa0d.py,unit,8
idaes/models_extra/temperature_swing_adsorption/tests/test_fixed_bed_tsa0d_costing.py,integration,2
idaes/models_extra/temperature_swing_adsorption/tests/test_fixed_bed_tsa0d_costing.py,skipif,9
idaes/models_extra/temperature_swing_adsorption/tests/test_fixed_bed_tsa0d_costing.py,solver,9
idaes/models_extra/temperature_swing_adsorption/tests/test_fixed_bed_tsa0d_costing.py,ui,1
idaes/models_extra/temperature_swing_adsorption/tests/test_fixed_bed_tsa0d_ui.py,component,3
idaes/models_extra/temperature_swing_adsorption/tests/test_fixed_bed_tsa0d_ui.py,integration,2
idaes/tests/prescient/test_prescient.py,component,1
idaes/tests/prescient/test_prescient.py,unit,1
idaes/tests/test_beta.py,unit,3
idaes/tests/test_cbrt.py,skipif,3
idaes/tests/test_cbrt.py,unit,3
idaes/tests/test_clone_model.py,skipif,2
idaes/tests/test_clone_model.py,unit,2
idaes/tests/test_config.py,unit,8
idaes/tests/test_docs.py,component,1
idaes/tests/test_docs.py,unit,1
idaes/tests/test_docs.py,usefixtures,1
idaes/tests/test_headers.py,unit,1
idaes/tests/test_import.py,unit,1
idaes/tests/test_logger.py,skipif,3
idaes/tests/test_logger.py,unit,8
idaes/tests/test_tests.py,component,1
idaes/tests/test_tests.py,unit,1
idaes/tests/test_tests.py,xfail,2
