file,line,data_class,generated_class,block_class,bases
idaes/apps/grid_integration/pricetaker/design_and_operation_models.py,136,DesignModelData,DesignModel,,ProcessBlockData
idaes/apps/grid_integration/pricetaker/design_and_operation_models.py,288,OperationModelData,OperationModel,,ProcessBlockData
idaes/apps/grid_integration/pricetaker/design_and_operation_models.py,562,StorageModelData,StorageModel,,ProcessBlockData
idaes/core/base/components.py,36,ComponentData,Component,,ProcessBlockData
idaes/core/base/components.py,347,SoluteData,Solute,Component,ComponentData
idaes/core/base/components.py,391,SolventData,Solvent,Component,ComponentData
idaes/core/base/components.py,433,IonData,Ion,Component,SoluteData
idaes/core/base/components.py,481,AnionData,Anion,Component,IonData
idaes/core/base/components.py,515,CationData,Cation,Component,IonData
idaes/core/base/components.py,549,ApparentData,Apparent,Component,SoluteData
idaes/core/base/control_volume0d.py,164,ControlVolume0DBlockData,ControlVolume0DBlock,,ControlVolumeBlockData
idaes/core/base/control_volume1d.py,356,ControlVolume1DBlockData,ControlVolume1DBlock,,ControlVolumeBlockData
idaes/core/base/control_volume_base.py,973,ControlVolumeBlockData,ControlVolume,,ProcessBlockData
idaes/core/base/costing_base.py,196,FlowsheetCostingBlockData,FlowsheetCostingBlock,,ProcessBlockData
idaes/core/base/costing_base.py,594,UnitModelCostingBlockData,UnitModelCostingBlock,,ProcessBlockData
idaes/core/base/extended_control_volume0d.py,38,ExtendedControlVolume0DBlockData,ExtendedControlVolume0DBlock,,ControlVolume0DBlockData
idaes/core/base/extended_control_volume1d.py,39,ExtendedControlVolume1DBlockData,ExtendedControlVolume1DBlock,,ControlVolume1DBlockData
idaes/core/base/flowsheet_model.py,99,FlowsheetBlockData,FlowsheetBlock,,ProcessBlockData
idaes/core/base/phases.py,47,PhaseData,Phase,,ProcessBlockData
idaes/core/base/phases.py,171,LiquidPhaseData,LiquidPhase,Phase,PhaseData
idaes/core/base/phases.py,187,SolidPhaseData,SolidPhase,Phase,PhaseData
idaes/core/base/phases.py,203,VaporPhaseData,VaporPhase,Phase,PhaseData
idaes/core/base/phases.py,219,AqueousPhaseData,AqueousPhase,LiquidPhase,LiquidPhaseData
idaes/core/base/process_base.py,78,ProcessBlockData,ProcessBaseBlock,,BlockData
idaes/core/base/unit_model.py,54,UnitModelBlockData,UnitModelBlock,,ProcessBlockData
idaes/core/util/testing.py,185,_PhysicalParameterBlock,PhysicalParameterTestBlock,,PhysicalParameterBlock
idaes/core/util/testing.py,282,StateTestBlockData,StateBlockForTesting,SBlockBase,StateBlockData
idaes/core/util/testing.py,397,_ReactionParameterBlock,ReactionParameterTestBlock,,ReactionParameterBlock
idaes/core/util/testing.py,461,ReactionBlockData,ReactionBlock,RBlockBase,ReactionBlockDataBase
idaes/models/control/controller.py,84,PIDControllerData,PIDController,,UnitModelBlockData
idaes/models/costing/QGESS.py,74,QGESSCostingData,QGESSCosting,,FlowsheetCostingBlockData
idaes/models/costing/SSLW.py,278,SSLWCostingData,SSLWCosting,,FlowsheetCostingBlockData
idaes/models/properties/activity_coeff_models/BTX_activity_coeff_VLE.py,43,BTXParameterData,BTXParameterBlock,,ActivityCoeffParameterData
idaes/models/properties/activity_coeff_models/activity_coeff_prop_pack.py,101,ActivityCoeffParameterData,ActivityCoeffParameterBlock,,PhysicalParameterBlock
idaes/models/properties/activity_coeff_models/activity_coeff_prop_pack.py,720,ActivityCoeffStateBlockData,ActivityCoeffStateBlock,_ActivityCoeffStateBlock,StateBlockData
idaes/models/properties/activity_coeff_models/methane_combustion_ideal.py,44,MethaneParameterData,MethaneParameterBlock,,ActivityCoeffParameterData
idaes/models/properties/examples/saponification_reactions.py,47,ReactionParameterData,SaponificationReactionParameterBlock,,ReactionParameterBlock
idaes/models/properties/examples/saponification_reactions.py,209,ReactionBlockData,ReactionBlock,_ReactionBlock,ReactionBlockDataBase
idaes/models/properties/examples/saponification_thermo.py,58,PhysicalParameterData,SaponificationParameterBlock,,PhysicalParameterBlock
idaes/models/properties/examples/saponification_thermo.py,318,SaponificationStateBlockData,SaponificationStateBlock,_StateBlock,StateBlockData
idaes/models/properties/general_helmholtz/helmholtz_functions.py,1101,HelmholtzParameterBlockData,HelmholtzParameterBlock,,PhysicalParameterBlock
idaes/models/properties/general_helmholtz/helmholtz_state.py,405,HelmholtzStateBlockData,HelmholtzStateBlock,_StateBlock,StateBlockData
idaes/models/properties/iapws95.py,72,Iapws95ParameterBlockData,Iapws95ParameterBlock,,HelmholtzParameterBlockData
idaes/models/properties/iapws95.py,86,Iapws95StateBlockData,Iapws95StateBlock,_StateBlock,HelmholtzStateBlockData
idaes/models/properties/interrogator/properties_interrogator.py,55,PropertyInterrogatorData,PropertyInterrogatorBlock,,PhysicalParameterBlock
idaes/models/properties/interrogator/properties_interrogator.py,318,InterrogatorStateBlockData,InterrogatorStateBlock,_InterrogatorStateBlock,StateBlockData
idaes/models/properties/interrogator/reactions_interrogator.py,43,ReactionInterrogatorData,ReactionInterrogatorBlock,,ReactionParameterBlock
idaes/models/properties/interrogator/reactions_interrogator.py,275,InterrogatorReactionBlockData,InterrogatorReactionBlock,_InterrogatorReactionBlock,ReactionBlockDataBase
idaes/models/properties/modular_properties/base/generic_property.py,992,GenericParameterData,GenericParameterBlock,,PhysicalParameterBlock
idaes/models/properties/modular_properties/base/generic_property.py,2985,GenericStateBlockData,GenericStateBlock,_GenericStateBlock,StateBlockData
idaes/models/properties/modular_properties/base/generic_reaction.py,247,GenericReactionParameterData,GenericReactionParameterBlock,,ReactionParameterBlock
idaes/models/properties/modular_properties/base/generic_reaction.py,624,GenericReactionBlockData,GenericReactionBlock,_GenericReactionBlock,ReactionBlockDataBase
idaes/models/properties/swco2.py,72,SWCO2ParameterBlockData,SWCO2ParameterBlock,,HelmholtzParameterBlockData
idaes/models/properties/swco2.py,86,SWCO2StateBlockData,SWCO2StateBlock,_StateBlock,HelmholtzStateBlockData
idaes/models/unit_models/cstr.py,175,CSTRData,CSTR,,UnitModelBlockData
idaes/models/unit_models/equilibrium_reactor.py,247,EquilibriumReactorData,EquilibriumReactor,,UnitModelBlockData
idaes/models/unit_models/feed.py,95,FeedData,Feed,,UnitModelBlockData
idaes/models/unit_models/feed_flash.py,103,FeedFlashData,FeedFlash,,UnitModelBlockData
idaes/models/unit_models/flash.py,97,FlashData,Flash,,UnitModelBlockData
idaes/models/unit_models/gibbs_reactor.py,191,GibbsReactorData,GibbsReactor,,UnitModelBlockData
idaes/models/unit_models/heat_exchanger.py,616,HeatExchangerData,HeatExchanger,,UnitModelBlockData
idaes/models/unit_models/heat_exchanger_1D.py,283,HeatExchanger1DData,HeatExchanger1D,,UnitModelBlockData
idaes/models/unit_models/heat_exchanger_lc.py,31,HeatExchangerLumpedCapacitanceData,HeatExchangerLumpedCapacitance,,HeatExchangerData
idaes/models/unit_models/heat_exchanger_ntu.py,166,HeatExchangerNTUData,HeatExchangerNTU,,UnitModelBlockData
idaes/models/unit_models/heater.py,245,HeaterData,Heater,,UnitModelBlockData
idaes/models/unit_models/mixer.py,303,MixerData,Mixer,,UnitModelBlockData
idaes/models/unit_models/mscontactor.py,972,MSContactorData,MSContactor,,UnitModelBlockData
idaes/models/unit_models/pipe.py,97,PipeData,Pipe,,UnitModelBlockData
idaes/models/unit_models/plug_flow_reactor.py,106,PFRData,PFR,,UnitModelBlockData
idaes/models/unit_models/pressure_changer.py,255,IsentropicPerformanceCurveData,IsentropicPerformanceCurve,,ProcessBlockData
idaes/models/unit_models/pressure_changer.py,438,PressureChangerData,PressureChanger,,UnitModelBlockData
idaes/models/unit_models/pressure_changer.py,1445,TurbineData,Turbine,,PressureChangerData
idaes/models/unit_models/pressure_changer.py,1461,CompressorData,Compressor,,PressureChangerData
idaes/models/unit_models/pressure_changer.py,1475,PumpData,Pump,,PressureChangerData
idaes/models/unit_models/product.py,42,ProductData,Product,,UnitModelBlockData
idaes/models/unit_models/separator.py,637,SeparatorData,Separator,,UnitModelBlockData
idaes/models/unit_models/shell_and_tube_1d.py,153,ShellAndTube1DData,ShellAndTube1D,,HeatExchanger1DData
idaes/models/unit_models/skeleton_model.py,39,SkeletonUnitModelData,SkeletonUnitModel,,ProcessBlockData
idaes/models/unit_models/solid_liquid/sl_separator.py,122,SLSeparatorData,SLSeparator,,UnitModelBlockData
idaes/models/unit_models/solid_liquid/thickener.py,67,Thickener0DData,Thickener0D,,UnitModelBlockData
idaes/models/unit_models/statejunction.py,39,StateJunctionData,StateJunction,,UnitModelBlockData
idaes/models/unit_models/stoichiometric_reactor.py,83,StoichiometricReactorData,StoichiometricReactor,,UnitModelBlockData
idaes/models/unit_models/stream_scaler.py,52,StreamScalerData,StreamScaler,,UnitModelBlockData
idaes/models/unit_models/translator.py,37,TranslatorData,Translator,,UnitModelBlockData
idaes/models/unit_models/valve.py,114,ValveData,Valve,,PressureChangerData
idaes/models_extra/co2_capture_and_utilization/unit_models/membrane_1d.py,54,Membrane1DData,Membrane1D,,UnitModelBlockData
idaes/models_extra/column_models/MEAsolvent_column.py,64,MEAColumnData,MEAColumn,,PackedColumnData
idaes/models_extra/column_models/condenser.py,79,CondenserData,Condenser,,UnitModelBlockData
idaes/models_extra/column_models/plate_heat_exchanger.py,73,PlateHeatExchangerData,PlateHeatExchanger,,HeatExchangerNTUData
idaes/models_extra/column_models/reboiler.py,62,ReboilerData,Reboiler,,UnitModelBlockData
idaes/models_extra/column_models/solvent_column.py,59,PackedColumnData,PackedColumn,,UnitModelBlockData
idaes/models_extra/column_models/solvent_condenser.py,60,SolventCondenserData,SolventCondenser,,UnitModelBlockData
idaes/models_extra/column_models/solvent_reboiler.py,193,SolventReboilerData,SolventReboiler,,UnitModelBlockData
idaes/models_extra/column_models/tray.py,53,TrayData,Tray,,UnitModelBlockData
idaes/models_extra/column_models/tray_column.py,48,TrayColumnData,TrayColumn,,UnitModelBlockData
idaes/models_extra/gas_distribution/properties/natural_gas.py,54,NaturalGasParameterBlockData,NaturalGasParameterBlock,,PhysicalParameterBlock
idaes/models_extra/gas_distribution/properties/natural_gas.py,176,NaturalGasStateBlockData,NaturalGasStateBlock,NaturalGasStateBlock,StateBlockData
idaes/models_extra/gas_distribution/unit_models/compressor.py,40,IsothermalCompressorData,IsothermalCompressor,,UnitModelBlockData
idaes/models_extra/gas_distribution/unit_models/node.py,40,PipelineNodeData,PipelineNode,,UnitModelBlockData
idaes/models_extra/gas_distribution/unit_models/pipeline.py,65,GasPipelineData,GasPipeline,,UnitModelBlockData
idaes/models_extra/gas_solid_contactors/properties/methane_iron_OC_reduction/gas_phase_thermo.py,78,PhysicalParameterData,GasPhaseParameterBlock,,PhysicalParameterBlock
idaes/models_extra/gas_solid_contactors/properties/methane_iron_OC_reduction/gas_phase_thermo.py,564,GasPhaseStateBlockData,GasPhaseStateBlock,_GasPhaseStateBlock,StateBlockData
idaes/models_extra/gas_solid_contactors/properties/methane_iron_OC_reduction/hetero_reactions.py,79,ReactionParameterData,HeteroReactionParameterBlock,,ReactionParameterBlock
idaes/models_extra/gas_solid_contactors/properties/methane_iron_OC_reduction/hetero_reactions.py,361,ReactionBlockData,ReactionBlock,_ReactionBlock,ReactionBlockDataBase
idaes/models_extra/gas_solid_contactors/properties/methane_iron_OC_reduction/solid_phase_thermo.py,74,PhysicalParameterData,SolidPhaseParameterBlock,,PhysicalParameterBlock
idaes/models_extra/gas_solid_contactors/properties/methane_iron_OC_reduction/solid_phase_thermo.py,481,SolidPhaseStateBlockData,SolidPhaseStateBlock,_SolidPhaseStateBlock,StateBlockData
idaes/models_extra/gas_solid_contactors/properties/oxygen_iron_OC_oxidation/gas_phase_thermo.py,81,PhysicalParameterData,GasPhaseParameterBlock,,PhysicalParameterBlock
idaes/models_extra/gas_solid_contactors/properties/oxygen_iron_OC_oxidation/gas_phase_thermo.py,588,GasPhaseStateBlockData,GasPhaseStateBlock,_GasPhaseStateBlock,StateBlockData
idaes/models_extra/gas_solid_contactors/properties/oxygen_iron_OC_oxidation/hetero_reactions.py,79,ReactionParameterData,HeteroReactionParameterBlock,,ReactionParameterBlock
idaes/models_extra/gas_solid_contactors/properties/oxygen_iron_OC_oxidation/hetero_reactions.py,362,ReactionBlockData,ReactionBlock,_ReactionBlock,ReactionBlockDataBase
idaes/models_extra/gas_solid_contactors/properties/oxygen_iron_OC_oxidation/solid_phase_thermo.py,74,PhysicalParameterData,SolidPhaseParameterBlock,,PhysicalParameterBlock
idaes/models_extra/gas_solid_contactors/properties/oxygen_iron_OC_oxidation/solid_phase_thermo.py,477,SolidPhaseStateBlockData,SolidPhaseStateBlock,_SolidPhaseStateBlock,StateBlockData
idaes/models_extra/gas_solid_contactors/unit_models/bubbling_fluidized_bed.py,87,BubblingFluidizedBedData,BubblingFluidizedBed,,UnitModelBlockData
idaes/models_extra/gas_solid_contactors/unit_models/fixed_bed_0D.py,51,FixedBed0DData,FixedBed0D,,UnitModelBlockData
idaes/models_extra/gas_solid_contactors/unit_models/fixed_bed_1D.py,82,FixedBed1DData,FixedBed1D,,UnitModelBlockData
idaes/models_extra/gas_solid_contactors/unit_models/moving_bed.py,91,MBRData,MBR,,UnitModelBlockData
idaes/models_extra/power_generation/costing/power_plant_capcost.py,112,QGESSCostingData,QGESSCosting,,FlowsheetCostingBlockData
idaes/models_extra/power_generation/costing/power_plant_costing.py,58,PowerPlantCostingData,PowerPlantCosting,,QGESSCostingData
idaes/models_extra/power_generation/properties/flue_gas_ideal.py,72,FlueGasParameterData,FlueGasParameterBlock,,PhysicalParameterBlock
idaes/models_extra/power_generation/properties/flue_gas_ideal.py,577,FlueGasStateBlockData,FlueGasStateBlock,_FlueGasStateBlock,StateBlockData
idaes/models_extra/power_generation/unit_models/balance.py,219,BalanceBlockData,BalanceBlock,,UnitModelBlockData
idaes/models_extra/power_generation/unit_models/boiler_fireside.py,103,BoilerFiresideData,BoilerFireside,,UnitModelBlockData
idaes/models_extra/power_generation/unit_models/boiler_heat_exchanger.py,95,BoilerHeatExchangerData,BoilerHeatExchanger,,HeatExchangerData
idaes/models_extra/power_generation/unit_models/boiler_heat_exchanger_2D.py,74,HeatExchangerCrossFlow2D_HeaderData,HeatExchangerCrossFlow2D_Header,,UnitModelBlockData
idaes/models_extra/power_generation/unit_models/cpu.py,64,CarbonProcessingUnitData,CarbonProcessingUnit,,UnitModelBlockData
idaes/models_extra/power_generation/unit_models/cross_flow_heat_exchanger_1D.py,406,CrossFlowHeatExchanger1DData,CrossFlowHeatExchanger1D,,HeatExchanger1DData
idaes/models_extra/power_generation/unit_models/downcomer.py,56,DowncomerData,Downcomer,,UnitModelBlockData
idaes/models_extra/power_generation/unit_models/drum.py,85,DrumData,Drum,,UnitModelBlockData
idaes/models_extra/power_generation/unit_models/drum1D.py,118,Drum1DData,Drum1D,,UnitModelBlockData
idaes/models_extra/power_generation/unit_models/feedwater_heater_0D.py,154,FWHCondensing0DData,FWHCondensing0D,,HeatExchangerData
idaes/models_extra/power_generation/unit_models/feedwater_heater_0D.py,227,FWH0DData,FWH0D,,UnitModelBlockData
idaes/models_extra/power_generation/unit_models/feedwater_heater_0D_dynamic.py,146,FWHCondensing0DData,FWHCondensing0D,,CondenserData
idaes/models_extra/power_generation/unit_models/feedwater_heater_0D_dynamic.py,254,FWH0DDynamicData,FWH0DDynamic,,UnitModelBlockData
idaes/models_extra/power_generation/unit_models/heat_exchanger_3streams.py,42,HeatExchangerWith3StreamsData,HeatExchangerWith3Streams,,UnitModelBlockData
idaes/models_extra/power_generation/unit_models/heater_1D.py,160,Heater1DData,Heater1D,,UnitModelBlockData
idaes/models_extra/power_generation/unit_models/helm/compressor.py,54,HelmIsentropicCompressorData,HelmIsentropicCompressor,,BalanceBlockData
idaes/models_extra/power_generation/unit_models/helm/condenser_ntu.py,84,HelmNtuCondenserData,HelmNtuCondenser,,UnitModelBlockData
idaes/models_extra/power_generation/unit_models/helm/mixer.py,44,HelmMixerData,HelmMixer,,UnitModelBlockData
idaes/models_extra/power_generation/unit_models/helm/phase_separator.py,39,WaterFlashData,HelmPhaseSeparator,,UnitModelBlockData
idaes/models_extra/power_generation/unit_models/helm/pump.py,52,HelmPumpData,HelmPump,,BalanceBlockData
idaes/models_extra/power_generation/unit_models/helm/splitter.py,51,HelmSplitterData,HelmSplitter,,UnitModelBlockData
idaes/models_extra/power_generation/unit_models/helm/turbine.py,54,HelmIsentropicTurbineData,HelmIsentropicTurbine,,BalanceBlockData
idaes/models_extra/power_generation/unit_models/helm/turbine_inlet.py,43,HelmTurbineInletStageData,HelmTurbineInletStage,,HelmIsentropicTurbineData
idaes/models_extra/power_generation/unit_models/helm/turbine_multistage.py,252,HelmTurbineMultistageData,HelmTurbineMultistage,,UnitModelBlockData
idaes/models_extra/power_generation/unit_models/helm/turbine_outlet.py,44,HelmTurbineOutletStageData,HelmTurbineOutletStage,,HelmIsentropicTurbineData
idaes/models_extra/power_generation/unit_models/helm/turbine_stage.py,40,HelmTurbineStageData,HelmTurbineStage,,HelmIsentropicTurbineData
idaes/models_extra/power_generation/unit_models/helm/valve_steam.py,106,HelmValveData,HelmValve,,BalanceBlockData
idaes/models_extra/power_generation/unit_models/soc_submodels/channel.py,83,SocChannelData,SocChannel,,UnitModelBlockData
idaes/models_extra/power_generation/unit_models/soc_submodels/conductive_slab.py,57,SocConductiveSlabData,SocConductiveSlab,,UnitModelBlockData
idaes/models_extra/power_generation/unit_models/soc_submodels/contact_resistor.py,53,SocContactResistorData,SocContactResistor,,UnitModelBlockData
idaes/models_extra/power_generation/unit_models/soc_submodels/porous_conductive_slab.py,84,PorousConductiveSlabData,PorousConductiveSlab,,UnitModelBlockData
idaes/models_extra/power_generation/unit_models/soc_submodels/solid_oxide_cell.py,141,SolidOxideCellData,SolidOxideCell,,UnitModelBlockData
idaes/models_extra/power_generation/unit_models/soc_submodels/solid_oxide_module_simple.py,65,SolidOxideModuleSimpleData,SolidOxideModuleSimple,,UnitModelBlockData
idaes/models_extra/power_generation/unit_models/soc_submodels/triple_phase_boundary.py,77,SocTriplePhaseBoundaryData,SocTriplePhaseBoundary,,UnitModelBlockData
idaes/models_extra/power_generation/unit_models/soec_design.py,46,SoecDesignData,SoecDesign,,UnitModelBlockData
idaes/models_extra/power_generation/unit_models/steamheater.py,54,SteamHeaterData,SteamHeater,,UnitModelBlockData
idaes/models_extra/power_generation/unit_models/waterpipe.py,54,WaterPipeData,WaterPipe,,UnitModelBlockData
idaes/models_extra/power_generation/unit_models/watertank.py,64,WaterTankData,WaterTank,,UnitModelBlockData
idaes/models_extra/power_generation/unit_models/waterwall_section.py,67,WaterwallSectionData,WaterwallSection,,UnitModelBlockData
idaes/models_extra/temperature_swing_adsorption/fixed_bed_tsa0d.py,124,FixedBedTSA0DData,FixedBedTSA0D,,UnitModelBlockData
